--------------------------------------------------------
--  File created - Wednesday-August-24-2016   
--------------------------------------------------------
--------------------------------------------------------
--  DDL for Sequence NOTIFICATION_SEQ
--------------------------------------------------------

   CREATE SEQUENCE  "TRAVEL"."NOTIFICATION_SEQ"  MINVALUE 1 MAXVALUE 9999999999999999999999999999 INCREMENT BY 1 START WITH 7 NOCACHE  ORDER  NOCYCLE ;
--------------------------------------------------------
--  DDL for Sequence SEQ_AIRLINE
--------------------------------------------------------

   CREATE SEQUENCE  "TRAVEL"."SEQ_AIRLINE"  MINVALUE 1 MAXVALUE 9999999999999999999999999999 INCREMENT BY 1 START WITH 41 CACHE 20 NOORDER  NOCYCLE ;
--------------------------------------------------------
--  DDL for Sequence SEQ_INVOICES
--------------------------------------------------------

   CREATE SEQUENCE  "TRAVEL"."SEQ_INVOICES"  MINVALUE 1 MAXVALUE 9999999999999999999999999999 INCREMENT BY 1 START WITH 6635 CACHE 20 NOORDER  NOCYCLE ;
--------------------------------------------------------
--  DDL for Sequence SEQ_INVOICE_ATTACHMENT
--------------------------------------------------------

   CREATE SEQUENCE  "TRAVEL"."SEQ_INVOICE_ATTACHMENT"  MINVALUE 1 MAXVALUE 9999999999999999999999999999 INCREMENT BY 1 START WITH 141 CACHE 20 NOORDER  NOCYCLE ;
--------------------------------------------------------
--  DDL for Sequence SEQ_PRODUCT_TYPE
--------------------------------------------------------

   CREATE SEQUENCE  "TRAVEL"."SEQ_PRODUCT_TYPE"  MINVALUE 1 MAXVALUE 9999999999999999999999999999 INCREMENT BY 1 START WITH 61 CACHE 20 NOORDER  NOCYCLE ;
--------------------------------------------------------
--  DDL for Sequence SEQ_RATES
--------------------------------------------------------

   CREATE SEQUENCE  "TRAVEL"."SEQ_RATES"  MINVALUE 1 MAXVALUE 9999999999999999999999999999 INCREMENT BY 1 START WITH 141 CACHE 20 NOORDER  NOCYCLE ;
--------------------------------------------------------
--  DDL for Sequence SEQ_ROOM_TYPE
--------------------------------------------------------

   CREATE SEQUENCE  "TRAVEL"."SEQ_ROOM_TYPE"  MINVALUE 1 MAXVALUE 9999999999999999999999999999 INCREMENT BY 1 START WITH 41 CACHE 20 NOORDER  NOCYCLE ;
--------------------------------------------------------
--  DDL for Sequence SEQ_SERVICE_TYPE
--------------------------------------------------------

   CREATE SEQUENCE  "TRAVEL"."SEQ_SERVICE_TYPE"  MINVALUE 1 MAXVALUE 9999999999999999999999999999 INCREMENT BY 1 START WITH 1 NOCACHE  NOORDER  NOCYCLE ;
--------------------------------------------------------
--  DDL for Sequence SEQ_SUPPLIER
--------------------------------------------------------

   CREATE SEQUENCE  "TRAVEL"."SEQ_SUPPLIER"  MINVALUE 1 MAXVALUE 9999999999999999999999999999 INCREMENT BY 1 START WITH 41 CACHE 20 NOORDER  NOCYCLE ;
--------------------------------------------------------
--  DDL for Sequence SEQ_SUPPLIER_PRODUCT
--------------------------------------------------------

   CREATE SEQUENCE  "TRAVEL"."SEQ_SUPPLIER_PRODUCT"  MINVALUE 1 MAXVALUE 9999999999999999999999999999 INCREMENT BY 1 START WITH 61 CACHE 20 NOORDER  NOCYCLE ;
--------------------------------------------------------
--  DDL for Sequence SEQ_UPLOADED_INVOICE_FILE
--------------------------------------------------------

   CREATE SEQUENCE  "TRAVEL"."SEQ_UPLOADED_INVOICE_FILE"  MINVALUE 1 MAXVALUE 9999999999999999999999999999 INCREMENT BY 1 START WITH 325 CACHE 20 NOORDER  NOCYCLE ;
--------------------------------------------------------
--  DDL for Sequence TRAVELUSER_SCREENS_SEQ
--------------------------------------------------------

   CREATE SEQUENCE  "TRAVEL"."TRAVELUSER_SCREENS_SEQ"  MINVALUE 1 MAXVALUE 9999999999999999999999999999 INCREMENT BY 1 START WITH 163 NOCACHE  ORDER  NOCYCLE ;
--------------------------------------------------------
--  DDL for Sequence TRAVELUSER_SEQ
--------------------------------------------------------

   CREATE SEQUENCE  "TRAVEL"."TRAVELUSER_SEQ"  MINVALUE 1 MAXVALUE 9999999999999999999999999999 INCREMENT BY 1 START WITH 4 NOCACHE  ORDER  NOCYCLE ;
--------------------------------------------------------
--  DDL for Table AIRLINE
--------------------------------------------------------

  CREATE TABLE "TRAVEL"."AIRLINE" 
   (	"ID" NUMBER(22,0), 
	"NAME" VARCHAR2(300), 
	"MODIFICATION_DATE" DATE, 
	"SYSTEM_USER" VARCHAR2(300), 
	"STATUS" NUMBER(1,0), 
	"DESCRIPTION" VARCHAR2(500)
   ) ;
--------------------------------------------------------
--  DDL for Table CATEGORY
--------------------------------------------------------

  CREATE TABLE "TRAVEL"."CATEGORY" 
   (	"CAT_ID" NUMBER(38,0), 
	"CATEGORY_NAME" VARCHAR2(200), 
	"CATEGORY_ORDER" NUMBER(38,0)
   ) ;
--------------------------------------------------------
--  DDL for Table CONFIG
--------------------------------------------------------

  CREATE TABLE "TRAVEL"."CONFIG" 
   (	"CONFIG_ID" NUMBER(38,0), 
	"CONFIG_NAME" VARCHAR2(100), 
	"CONFIG_VALUE" VARCHAR2(100)
   ) ;
--------------------------------------------------------
--  DDL for Table INVOICES
--------------------------------------------------------

  CREATE TABLE "TRAVEL"."INVOICES" 
   (	"ID" NUMBER(22,0), 
	"INVOICE_ORDER" NUMBER(22,0), 
	"TRANSACTION_ID" VARCHAR2(100), 
	"INVOICE_NUMBER" VARCHAR2(100), 
	"BOOKING_FILE_NUMBER" VARCHAR2(100), 
	"DEPARTURE_DATE" DATE, 
	"ARRIVAL_DATE" DATE, 
	"EMPLOYEE_ID" VARCHAR2(100), 
	"COST_CENTER" VARCHAR2(100), 
	"COST_CENTER_DEPARTMENT" VARCHAR2(100), 
	"PASSENGER_NAME" VARCHAR2(300), 
	"SERVICE_TYPE" VARCHAR2(300), 
	"SERVICE_DESC" VARCHAR2(300), 
	"ROUTING" VARCHAR2(300), 
	"INTER_DOM" VARCHAR2(100), 
	"CHECK_IN" DATE, 
	"CHECK_OUT" DATE, 
	"NUMBER_OF_NIGHTS" NUMBER(10,0), 
	"NUMBER_OF_ROOMS" NUMBER(10,0), 
	"AIRLINE" VARCHAR2(300), 
	"ROOM_TYPE" VARCHAR2(300), 
	"SUPPLIER_NAME" VARCHAR2(300), 
	"NET_AMOUNT" NUMBER(22,2), 
	"OPERATION_FEES" NUMBER(22,2), 
	"TOTAL_AMOUNT" NUMBER(22,2), 
	"TICKET_NO" VARCHAR2(300), 
	"TRAVEL_FORM_NUMBER" VARCHAR2(300), 
	"DESCRIPTION" VARCHAR2(300), 
	"FROM_DATE" DATE, 
	"TO_DATE" DATE, 
	"UPLOADED_INVOICE_FILE_ID" NUMBER(22,0), 
	"EMPLOYEE_DEPARTMENT" VARCHAR2(100), 
	"INVOICE_DATE" DATE, 
	"DESTINATION" VARCHAR2(300), 
	"CITY" VARCHAR2(300), 
	"COUNTRY" VARCHAR2(300), 
	"TRIP_PURPOSE" VARCHAR2(300)
   ) ;
--------------------------------------------------------
--  DDL for Table INVOICES_TEMP
--------------------------------------------------------

  CREATE TABLE "TRAVEL"."INVOICES_TEMP" 
   (	"INVOICE_ORDER" NUMBER(22,0), 
	"TRANSACTION_ID" VARCHAR2(100), 
	"INVOICE_NUMBER" VARCHAR2(100), 
	"BOOKING_FILE_NUMBER" VARCHAR2(100), 
	"DEPARTURE_DATE" DATE, 
	"ARRIVAL_DATE" DATE, 
	"EMPLOYEE_ID" VARCHAR2(100), 
	"COST_CENTER" VARCHAR2(100), 
	"COST_CENTER_DEPARTMENT" VARCHAR2(100), 
	"PASSENGER_NAME" VARCHAR2(300), 
	"SERVICE_TYPE" VARCHAR2(300), 
	"SERVICE_DESC" VARCHAR2(300), 
	"ROUTING" VARCHAR2(300), 
	"INTER_DOM" VARCHAR2(100), 
	"CHECK_IN" DATE, 
	"CHECK_OUT" DATE, 
	"NUMBER_OF_NIGHTS" NUMBER(10,0), 
	"NUMBER_OF_ROOMS" NUMBER(10,0), 
	"AIRLINE" VARCHAR2(300), 
	"ROOM_TYPE" VARCHAR2(300), 
	"SUPPLIER_NAME" VARCHAR2(300), 
	"NET_AMOUNT" NUMBER(22,2), 
	"OPERATION_FEES" NUMBER(22,2), 
	"TOTAL_AMOUNT" NUMBER(22,2), 
	"TICKET_NO" VARCHAR2(300), 
	"TRAVEL_FORM_NUMBER" VARCHAR2(300), 
	"DESCRIPTION" VARCHAR2(300), 
	"FROM_DATE" DATE, 
	"TO_DATE" DATE, 
	"UPLOADED_INVOICE_FILE_ID" NUMBER(22,0), 
	"EMPLOYEE_DEPARTMENT" VARCHAR2(100), 
	"INVOICE_DATE" DATE, 
	"DESTINATION" VARCHAR2(300), 
	"CITY" VARCHAR2(300), 
	"COUNTRY" VARCHAR2(300), 
	"TRIP_PURPOSE" VARCHAR2(300), 
	"GENERAL_MANDATORY_VALID" NUMBER(1,0), 
	"INVOICE_DATE_RANGE_VALID" NUMBER(1,0), 
	"AIR_MANDATORY_VALID" NUMBER(1,0), 
	"OTHER_MANDATORY_VALID" NUMBER(1,0), 
	"INTER_DOM_VALID" NUMBER(1,0), 
	"NUMBER_OF_NIGHTS_VALID" NUMBER(1,0), 
	"TOTAL_AMOUNT_VALID" NUMBER(1,0), 
	"HOTEL_MANDATORY_VALID" NUMBER(1,0), 
	"SERVICE_TYPE_VALID" NUMBER(1,0), 
	"SERVICE_DESC_VALID" NUMBER(1,0), 
	"SUPPLIER_NAME_VALID" NUMBER(1,0), 
	"AIRLINE_VALID" NUMBER(1,0), 
	"ROOM_TYPE_VALID" NUMBER(1,0), 
	"INVOICE_NUMBER_VALID" NUMBER(1,0), 
	"RATES_COMBINATION_VALID" NUMBER(1,0)
   ) ;
--------------------------------------------------------
--  DDL for Table INVOICE_ATTACHMENT
--------------------------------------------------------

  CREATE TABLE "TRAVEL"."INVOICE_ATTACHMENT" 
   (	"ID" NUMBER(22,0), 
	"NAME" VARCHAR2(300), 
	"CONTENT" BLOB, 
	"TYPE" VARCHAR2(300), 
	"MODIFICATION_DATE" DATE, 
	"SYSTEM_USER" VARCHAR2(300), 
	"UPLOADED_INVOICE_FILE_ID" NUMBER(22,0)
   ) ;
--------------------------------------------------------
--  DDL for Table MAX_MIN_VALUES
--------------------------------------------------------

  CREATE TABLE "TRAVEL"."MAX_MIN_VALUES" 
   (	"ID" NUMBER(38,0), 
	"NAME" VARCHAR2(50), 
	"MAX_MIN_VALUE" NUMBER(38,2)
   ) ;
--------------------------------------------------------
--  DDL for Table NOTIFICATION
--------------------------------------------------------

  CREATE TABLE "TRAVEL"."NOTIFICATION" 
   (	"ID" NUMBER, 
	"ATTACH_FILE" BLOB, 
	"SUBJECT" VARCHAR2(200), 
	"TEMPLATENAME" VARCHAR2(50)
   ) ;
--------------------------------------------------------
--  DDL for Table PRODUCT_TYPE
--------------------------------------------------------

  CREATE TABLE "TRAVEL"."PRODUCT_TYPE" 
   (	"ID" NUMBER(22,0), 
	"NAME" VARCHAR2(300), 
	"MODIFICATION_DATE" DATE, 
	"SYSTEM_USER" VARCHAR2(300), 
	"STATUS" NUMBER(1,0), 
	"DESCRIPTION" VARCHAR2(500), 
	"SERVICE_ID" NUMBER(22,0)
   ) ;
--------------------------------------------------------
--  DDL for Table RATES
--------------------------------------------------------

  CREATE TABLE "TRAVEL"."RATES" 
   (	"ID" NUMBER(22,0), 
	"SUPPLIER_PRODUCT_ID" NUMBER(22,0), 
	"RATE" NUMBER(22,2), 
	"ROOM_TYPE_ID" NUMBER(22,0), 
	"AIRLINE_ID" NUMBER(22,0), 
	"YEAR" NUMBER(5,0), 
	"MODIFICATION_DATE" DATE, 
	"SYSTEM_USER" VARCHAR2(300), 
	"STATUS" NUMBER(1,0), 
	"DESCRIPTION" VARCHAR2(500), 
	"ROUTING" VARCHAR2(500)
   ) ;
--------------------------------------------------------
--  DDL for Table ROOM_TYPE
--------------------------------------------------------

  CREATE TABLE "TRAVEL"."ROOM_TYPE" 
   (	"ID" NUMBER(22,0), 
	"NAME" VARCHAR2(300), 
	"MODIFICATION_DATE" DATE, 
	"SYSTEM_USER" VARCHAR2(300), 
	"STATUS" NUMBER(1,0), 
	"DESCRIPTION" VARCHAR2(500)
   ) ;
--------------------------------------------------------
--  DDL for Table SERVICE_TYPE
--------------------------------------------------------

  CREATE TABLE "TRAVEL"."SERVICE_TYPE" 
   (	"ID" NUMBER(22,0), 
	"NAME" VARCHAR2(300)
   ) ;
--------------------------------------------------------
--  DDL for Table SUPPLIER
--------------------------------------------------------

  CREATE TABLE "TRAVEL"."SUPPLIER" 
   (	"ID" NUMBER(22,0), 
	"NAME" VARCHAR2(300), 
	"MODIFICATION_DATE" DATE, 
	"SYSTEM_USER" VARCHAR2(300), 
	"STATUS" NUMBER(1,0), 
	"DESCRIPTION" VARCHAR2(500)
   ) ;
--------------------------------------------------------
--  DDL for Table SUPPLIER_PRODUCT
--------------------------------------------------------

  CREATE TABLE "TRAVEL"."SUPPLIER_PRODUCT" 
   (	"ID" NUMBER(22,0), 
	"SUPPLIER_ID" NUMBER(22,0), 
	"PRODUCT_ID" NUMBER(22,0), 
	"MODIFICATION_DATE" DATE, 
	"SYSTEM_USER" VARCHAR2(300), 
	"STATUS" NUMBER(1,0), 
	"DESCRIPTION" VARCHAR2(500)
   ) ;
--------------------------------------------------------
--  DDL for Table SYSTEM_SCREENS
--------------------------------------------------------

  CREATE TABLE "TRAVEL"."SYSTEM_SCREENS" 
   (	"SCREEN_ID" NUMBER(22,0), 
	"SCREEN_NAME" VARCHAR2(100), 
	"SCREEN_URL" VARCHAR2(256), 
	"CATEGORY_ID" NUMBER(*,0), 
	"SCREEN_ORDER" NUMBER(32,0)
   ) ;
--------------------------------------------------------
--  DDL for Table TMS_USER
--------------------------------------------------------

  CREATE TABLE "TRAVEL"."TMS_USER" 
   (	"EMPLOYEE_ID" NUMBER(22,0), 
	"FULLNAME" VARCHAR2(200), 
	"ACCOUNTNAME" VARCHAR2(200), 
	"EMAIL" VARCHAR2(100), 
	"PHONE" VARCHAR2(20), 
	"DEPARTMENT" VARCHAR2(100), 
	"COSTCENTER" VARCHAR2(50), 
	"COMMENTS" VARCHAR2(300), 
	"EMPLOYEE_TYPE" VARCHAR2(25), 
	"STATUS" NUMBER(1,0), 
	"STAFFID" NUMBER(22,0)
   ) ;
--------------------------------------------------------
--  DDL for Table UPLOADED_INVOICE_FILE
--------------------------------------------------------

  CREATE TABLE "TRAVEL"."UPLOADED_INVOICE_FILE" 
   (	"ID" NUMBER(22,0), 
	"NAME" VARCHAR2(300), 
	"CONTENT" BLOB, 
	"TYPE" VARCHAR2(300), 
	"MODIFICATION_DATE" DATE, 
	"SYSTEM_USER" VARCHAR2(300), 
	"APPROVED" NUMBER(1,0), 
	"REJECTION_REASON" VARCHAR2(300), 
	"ACTION_TAKER" VARCHAR2(300), 
	"ACTION_TAKEN_DATE" DATE, 
	"TEMPLATE_TABLE" NUMBER(1,0), 
	"INVOICES_MONTH" VARCHAR2(50)
   ) ;
--------------------------------------------------------
--  DDL for Table USERSCREENS
--------------------------------------------------------

  CREATE TABLE "TRAVEL"."USERSCREENS" 
   (	"EMPLOYEE_ID" NUMBER(22,0), 
	"SCREEN_ID" NUMBER, 
	"ADDMODE" NUMBER(1,0), 
	"EDITMODE" NUMBER(1,0), 
	"DELETEMODE" NUMBER(1,0), 
	"ID" NUMBER(*,0), 
	"VIEWMODE" NUMBER(1,0)
   ) ;
--------------------------------------------------------
--  DDL for View INVOICE_REPORT
--------------------------------------------------------

  CREATE OR REPLACE FORCE VIEW "TRAVEL"."INVOICE_REPORT" ("ID", "INVOICE_ORDER", "TRANSACTION_ID", "INVOICE_NUMBER", "BOOKING_FILE_NUMBER", "DEPARTURE_DATE", "ARRIVAL_DATE", "EMPLOYEE_ID", "COST_CENTER", "COST_CENTER_DEPARTMENT", "PASSENGER_NAME", "SERVICE_TYPE", "SERVICE_DESC", "ROUTING", "INTER_DOM", "CHECK_IN", "CHECK_OUT", "NUMBER_OF_NIGHTS", "NUMBER_OF_ROOMS", "AIRLINE", "ROOM_TYPE", "SUPPLIER_NAME", "NET_AMOUNT", "OPERATION_FEES", "TOTAL_AMOUNT", "TICKET_NO", "TRAVEL_FORM_NUMBER", "DESCRIPTION", "FROM_DATE", "TO_DATE", "UPLOADED_INVOICE_FILE_ID", "EMPLOYEE_DEPARTMENT", "INVOICE_DATE", "ACTION_TAKEN", "ACTION_TAKEN_COMMENT", "INVOICES_MONTH", "NAME") AS 
  SELECT INVOICES."ID",
    INVOICES."INVOICE_ORDER",
    INVOICES."TRANSACTION_ID",
    INVOICES."INVOICE_NUMBER",
    INVOICES."BOOKING_FILE_NUMBER",
    INVOICES."DEPARTURE_DATE",
    INVOICES."ARRIVAL_DATE",
    INVOICES."EMPLOYEE_ID",
    INVOICES."COST_CENTER",
    INVOICES."COST_CENTER_DEPARTMENT",
    INVOICES."PASSENGER_NAME",
    INVOICES."SERVICE_TYPE",
    INVOICES."SERVICE_DESC",
    INVOICES."ROUTING",
    INVOICES."INTER_DOM",
    INVOICES."CHECK_IN",
    INVOICES."CHECK_OUT",
    INVOICES."NUMBER_OF_NIGHTS",
    INVOICES."NUMBER_OF_ROOMS",
    INVOICES."AIRLINE",
    INVOICES."ROOM_TYPE",
    INVOICES."SUPPLIER_NAME",
    INVOICES."NET_AMOUNT",
    INVOICES."OPERATION_FEES",
    INVOICES."TOTAL_AMOUNT",
    INVOICES."TICKET_NO",
    INVOICES."TRAVEL_FORM_NUMBER",
    INVOICES."DESCRIPTION",
    INVOICES."FROM_DATE",
    INVOICES."TO_DATE",
    INVOICES."UPLOADED_INVOICE_FILE_ID",
    INVOICES."EMPLOYEE_DEPARTMENT",
    INVOICES."INVOICE_DATE",
    CASE 
     WHEN UPLOADED_INVOICE_FILE.APPROVED IS NULL THEN 'No action Taken'
     WHEN UPLOADED_INVOICE_FILE.APPROVED  =0 THEN 'Rejected'
     WHEN UPLOADED_INVOICE_FILE.APPROVED  =1 THEN 'Approved'
    END AS ACTION_TAKEN,
    UPLOADED_INVOICE_FILE.REJECTION_REASON AS ACTION_TAKEN_COMMENT,
    UPLOADED_INVOICE_FILE.INVOICES_MONTH,
    UPLOADED_INVOICE_FILE.NAME
    FROM  UPLOADED_INVOICE_FILE INNER
  JOIN INVOICES ON UPLOADED_INVOICE_FILE.ID = INVOICES.UPLOADED_INVOICE_FILE_ID;
--------------------------------------------------------
--  DDL for View RATES_VIEW
--------------------------------------------------------

  CREATE OR REPLACE FORCE VIEW "TRAVEL"."RATES_VIEW" ("SERVICE_NAME", "PRODUCT_NAME", "SUPPLIER_NAME", "AIRLINE_NAME", "ROUTING", "RATE", "ROOM_TYPE_NAME", "YEAR", "SUPPLIER_PRODUCT_ID", "ROOM_TYPE_ID", "AIRLINE_ID", "SERVICE_ID", "PRODUCT_ID", "SUPPLIER_ID") AS 
  SELECT ST.NAME            AS SERVICE_NAME,
  PT.NAME                 AS PRODUCT_NAME,
  S.NAME                  AS SUPPLIER_NAME,
  NVL(AL.NAME, 'NA')      AS AIRLINE_NAME,
  NVL(R.ROUTING, 'NA')    AS ROUTING,
  R.RATE                  AS RATE,
  NVL(RT.NAME, 'NA')      AS ROOM_TYPE_NAME,
  R.YEAR                  AS YEAR,
  R.SUPPLIER_PRODUCT_ID   AS SUPPLIER_PRODUCT_ID,
  NVL(R.ROOM_TYPE_ID, -1) AS ROOM_TYPE_ID,
  NVL(R.AIRLINE_ID,   -1) AS AIRLINE_ID,
  ST.ID                   AS SERVICE_ID,
  PT.ID                   AS PRODUCT_ID,
  S.ID                    AS SUPPLIER_ID
FROM SERVICE_TYPE ST
INNER JOIN PRODUCT_TYPE PT
ON ST.ID = PT.SERVICE_ID
INNER JOIN SUPPLIER_PRODUCT SP
ON PT.ID = SP.PRODUCT_ID
INNER JOIN SUPPLIER S
ON S.ID = SP.SUPPLIER_ID
INNER JOIN RATES R
ON SP.ID = R.SUPPLIER_PRODUCT_ID
LEFT JOIN AIRLINE AL
ON AL.ID = R.AIRLINE_ID
LEFT JOIN ROOM_TYPE RT
ON RT.ID = R.ROOM_TYPE_ID;
--------------------------------------------------------
--  DDL for View REJECTED_INVOICE_REPORT
--------------------------------------------------------

  CREATE OR REPLACE FORCE VIEW "TRAVEL"."REJECTED_INVOICE_REPORT" ("MODIFICATION_DATE", "NAME", "SYSTEM_USER", "INVOICES_MONTH", "TEMPLATE_TABLE", "ACTION_TAKEN_DATE", "ACTION_TAKER", "REJECTION_REASON", "APPROVED") AS 
  SELECT UPLOADED_INVOICE_FILE.MODIFICATION_DATE,
    UPLOADED_INVOICE_FILE.NAME,
    UPLOADED_INVOICE_FILE.SYSTEM_USER,
    UPLOADED_INVOICE_FILE.INVOICES_MONTH,
    UPLOADED_INVOICE_FILE.TEMPLATE_TABLE,
    UPLOADED_INVOICE_FILE.ACTION_TAKEN_DATE,
    UPLOADED_INVOICE_FILE.ACTION_TAKER,
    UPLOADED_INVOICE_FILE.REJECTION_REASON,
    UPLOADED_INVOICE_FILE.APPROVED
  FROM UPLOADED_INVOICE_FILE
  WHERE UPLOADED_INVOICE_FILE.APPROVED=0
  AND TEMPLATE_TABLE                  =0;
REM INSERTING into TRAVEL.AIRLINE
SET DEFINE OFF;
Insert into TRAVEL.AIRLINE (ID,NAME,MODIFICATION_DATE,SYSTEM_USER,STATUS,DESCRIPTION) values (22,'Egypt Air',to_date('21-AUG-16','DD-MON-RR'),'helaska',1,null);
Insert into TRAVEL.AIRLINE (ID,NAME,MODIFICATION_DATE,SYSTEM_USER,STATUS,DESCRIPTION) values (1,'Lufthansa',to_date('24-MAY-16','DD-MON-RR'),'syehia1',1,null);
Insert into TRAVEL.AIRLINE (ID,NAME,MODIFICATION_DATE,SYSTEM_USER,STATUS,DESCRIPTION) values (21,'Test Airline Name',to_date('21-AUG-16','DD-MON-RR'),'syehia1',1,null);
REM INSERTING into TRAVEL.CATEGORY
SET DEFINE OFF;
Insert into TRAVEL.CATEGORY (CAT_ID,CATEGORY_NAME,CATEGORY_ORDER) values (1,'Administration',2);
Insert into TRAVEL.CATEGORY (CAT_ID,CATEGORY_NAME,CATEGORY_ORDER) values (2,'Travel Management System',1);
Insert into TRAVEL.CATEGORY (CAT_ID,CATEGORY_NAME,CATEGORY_ORDER) values (3,'Reports',3);
REM INSERTING into TRAVEL.CONFIG
SET DEFINE OFF;
Insert into TRAVEL.CONFIG (CONFIG_ID,CONFIG_NAME,CONFIG_VALUE) values (1,'LDAP_USERS_SB','OU=DPT,DC=vfdev,DC=com');
Insert into TRAVEL.CONFIG (CONFIG_ID,CONFIG_NAME,CONFIG_VALUE) values (2,'LDAP_URL','ldap://localhost:389');
Insert into TRAVEL.CONFIG (CONFIG_ID,CONFIG_NAME,CONFIG_VALUE) values (3,'LDAP_DOMAIN_NAME','vfdev.com');
Insert into TRAVEL.CONFIG (CONFIG_ID,CONFIG_NAME,CONFIG_VALUE) values (4,'MAIL_PORT','587');
Insert into TRAVEL.CONFIG (CONFIG_ID,CONFIG_NAME,CONFIG_VALUE) values (5,'MAIL_HOST','smtp.gmail.com');
Insert into TRAVEL.CONFIG (CONFIG_ID,CONFIG_NAME,CONFIG_VALUE) values (6,'MAIL_FROM','vodafoneincidentmanagement@gmail.com');
Insert into TRAVEL.CONFIG (CONFIG_ID,CONFIG_NAME,CONFIG_VALUE) values (7,'MAIL_AUTH','true');
Insert into TRAVEL.CONFIG (CONFIG_ID,CONFIG_NAME,CONFIG_VALUE) values (8,'MAIL_USERNAME','ahmedmis2014@gmail.com');
Insert into TRAVEL.CONFIG (CONFIG_ID,CONFIG_NAME,CONFIG_VALUE) values (9,'MAIL_PASSWORD','/pxYak0n00PwLIjPLy4n3g==');
Insert into TRAVEL.CONFIG (CONFIG_ID,CONFIG_NAME,CONFIG_VALUE) values (10,'MAIL_DEBUG','true');
Insert into TRAVEL.CONFIG (CONFIG_ID,CONFIG_NAME,CONFIG_VALUE) values (11,'SYSTEM_URL','http://localhost:7001/IncidentManagment/login.xhtml');
Insert into TRAVEL.CONFIG (CONFIG_ID,CONFIG_NAME,CONFIG_VALUE) values (12,'SYS_ADMIN','admin');
Insert into TRAVEL.CONFIG (CONFIG_ID,CONFIG_NAME,CONFIG_VALUE) values (13,'SYS_PASSWORD','123');
Insert into TRAVEL.CONFIG (CONFIG_ID,CONFIG_NAME,CONFIG_VALUE) values (14,'TravelTeam','vftestmails@gmail.com');
Insert into TRAVEL.CONFIG (CONFIG_ID,CONFIG_NAME,CONFIG_VALUE) values (15,'AgentTeam','youssef.abdelnabi@truemega.com');
Insert into TRAVEL.CONFIG (CONFIG_ID,CONFIG_NAME,CONFIG_VALUE) values (16,'PROVIDER_URL','http://localhost:7007');
Insert into TRAVEL.CONFIG (CONFIG_ID,CONFIG_NAME,CONFIG_VALUE) values (17,'DBConnection','jdbc:oracle:thin:fleet/fleet@192.168.1.16:1521:orcl');
REM INSERTING into TRAVEL.INVOICES
SET DEFINE OFF;
Insert into TRAVEL.INVOICES (ID,INVOICE_ORDER,TRANSACTION_ID,INVOICE_NUMBER,BOOKING_FILE_NUMBER,DEPARTURE_DATE,ARRIVAL_DATE,EMPLOYEE_ID,COST_CENTER,COST_CENTER_DEPARTMENT,PASSENGER_NAME,SERVICE_TYPE,SERVICE_DESC,ROUTING,INTER_DOM,CHECK_IN,CHECK_OUT,NUMBER_OF_NIGHTS,NUMBER_OF_ROOMS,AIRLINE,ROOM_TYPE,SUPPLIER_NAME,NET_AMOUNT,OPERATION_FEES,TOTAL_AMOUNT,TICKET_NO,TRAVEL_FORM_NUMBER,DESCRIPTION,FROM_DATE,TO_DATE,UPLOADED_INVOICE_FILE_ID,EMPLOYEE_DEPARTMENT,INVOICE_DATE,DESTINATION,CITY,COUNTRY,TRIP_PURPOSE) values (6548,1,'e78eeb44-ce3f-4add-ae22-3cf204142a36','123','123',to_date('15-MAR-15','DD-MON-RR'),to_date('20-MAR-15','DD-MON-RR'),'444555','35644','HR','Mohamed ahmed','Air','Air Ticket','Cairo - Frankfurt','International',null,null,null,null,'Lufthansa',null,'Lufthansa',500,30,530,'65656433','223434','Description',null,null,220,'HR',to_date('24-MAR-15','DD-MON-RR'),'Destination','City','Country','Trip Purpose');
Insert into TRAVEL.INVOICES (ID,INVOICE_ORDER,TRANSACTION_ID,INVOICE_NUMBER,BOOKING_FILE_NUMBER,DEPARTURE_DATE,ARRIVAL_DATE,EMPLOYEE_ID,COST_CENTER,COST_CENTER_DEPARTMENT,PASSENGER_NAME,SERVICE_TYPE,SERVICE_DESC,ROUTING,INTER_DOM,CHECK_IN,CHECK_OUT,NUMBER_OF_NIGHTS,NUMBER_OF_ROOMS,AIRLINE,ROOM_TYPE,SUPPLIER_NAME,NET_AMOUNT,OPERATION_FEES,TOTAL_AMOUNT,TICKET_NO,TRAVEL_FORM_NUMBER,DESCRIPTION,FROM_DATE,TO_DATE,UPLOADED_INVOICE_FILE_ID,EMPLOYEE_DEPARTMENT,INVOICE_DATE,DESTINATION,CITY,COUNTRY,TRIP_PURPOSE) values (6546,1,'1ee59fb3-a628-4b98-8882-b27c5285dca9','123','123',to_date('15-MAR-15','DD-MON-RR'),to_date('20-MAR-15','DD-MON-RR'),'444555','35644','HR','Mohamed ahmed','Air','Air Ticket','Cairo - Frankfurt','International',null,null,null,null,'Lufthansa',null,'Lufthansa',500,30,530,'65656433','223434','Description',null,null,218,'HR',to_date('24-MAR-15','DD-MON-RR'),'Destination','City','Country','Trip Purpose');
Insert into TRAVEL.INVOICES (ID,INVOICE_ORDER,TRANSACTION_ID,INVOICE_NUMBER,BOOKING_FILE_NUMBER,DEPARTURE_DATE,ARRIVAL_DATE,EMPLOYEE_ID,COST_CENTER,COST_CENTER_DEPARTMENT,PASSENGER_NAME,SERVICE_TYPE,SERVICE_DESC,ROUTING,INTER_DOM,CHECK_IN,CHECK_OUT,NUMBER_OF_NIGHTS,NUMBER_OF_ROOMS,AIRLINE,ROOM_TYPE,SUPPLIER_NAME,NET_AMOUNT,OPERATION_FEES,TOTAL_AMOUNT,TICKET_NO,TRAVEL_FORM_NUMBER,DESCRIPTION,FROM_DATE,TO_DATE,UPLOADED_INVOICE_FILE_ID,EMPLOYEE_DEPARTMENT,INVOICE_DATE,DESTINATION,CITY,COUNTRY,TRIP_PURPOSE) values (6549,1,'96479c07-0275-42b6-8a66-1cab9f564b04','123','123',to_date('15-MAR-15','DD-MON-RR'),to_date('20-MAR-15','DD-MON-RR'),'444555','35644','HR','Mohamed ahmed','Air','AIR TICKET DOMESTIC','Cairo - Frankfurt','International',null,null,null,null,'Lufthansa',null,'Lufthansa',500,30,530,'65656433','223434','Description',null,null,221,'HR',to_date('24-MAR-15','DD-MON-RR'),'Destination','City','Country','Trip Purpose');
Insert into TRAVEL.INVOICES (ID,INVOICE_ORDER,TRANSACTION_ID,INVOICE_NUMBER,BOOKING_FILE_NUMBER,DEPARTURE_DATE,ARRIVAL_DATE,EMPLOYEE_ID,COST_CENTER,COST_CENTER_DEPARTMENT,PASSENGER_NAME,SERVICE_TYPE,SERVICE_DESC,ROUTING,INTER_DOM,CHECK_IN,CHECK_OUT,NUMBER_OF_NIGHTS,NUMBER_OF_ROOMS,AIRLINE,ROOM_TYPE,SUPPLIER_NAME,NET_AMOUNT,OPERATION_FEES,TOTAL_AMOUNT,TICKET_NO,TRAVEL_FORM_NUMBER,DESCRIPTION,FROM_DATE,TO_DATE,UPLOADED_INVOICE_FILE_ID,EMPLOYEE_DEPARTMENT,INVOICE_DATE,DESTINATION,CITY,COUNTRY,TRIP_PURPOSE) values (6550,1,'33f9f590-b20f-48ac-96b1-8e56d649b70a','123','123',to_date('15-MAR-15','DD-MON-RR'),to_date('20-MAR-15','DD-MON-RR'),'444555','35644','HR','Mohamed ahmed','Air','AIR TICKET DOMESTIC','Cairo - Frankfurt','International',null,null,null,null,'Lufthansa',null,'Lufthansa',500,30,530,'65656433','223434','Description',null,null,222,'HR',to_date('24-MAR-15','DD-MON-RR'),'Destination','City','Country','Trip Purpose');
Insert into TRAVEL.INVOICES (ID,INVOICE_ORDER,TRANSACTION_ID,INVOICE_NUMBER,BOOKING_FILE_NUMBER,DEPARTURE_DATE,ARRIVAL_DATE,EMPLOYEE_ID,COST_CENTER,COST_CENTER_DEPARTMENT,PASSENGER_NAME,SERVICE_TYPE,SERVICE_DESC,ROUTING,INTER_DOM,CHECK_IN,CHECK_OUT,NUMBER_OF_NIGHTS,NUMBER_OF_ROOMS,AIRLINE,ROOM_TYPE,SUPPLIER_NAME,NET_AMOUNT,OPERATION_FEES,TOTAL_AMOUNT,TICKET_NO,TRAVEL_FORM_NUMBER,DESCRIPTION,FROM_DATE,TO_DATE,UPLOADED_INVOICE_FILE_ID,EMPLOYEE_DEPARTMENT,INVOICE_DATE,DESTINATION,CITY,COUNTRY,TRIP_PURPOSE) values (6547,1,'a0aad759-1e10-4a2f-83b9-dd275646a4e9','123','123',to_date('15-MAR-15','DD-MON-RR'),to_date('20-MAR-15','DD-MON-RR'),'444555','35644','HR','Mohamed ahmed','Air','Air Ticket','Cairo - Frankfurt','International',null,null,null,null,'Lufthansa',null,'Lufthansa',500,30,530,'65656433','223434','Description',null,null,219,'HR',to_date('24-MAR-15','DD-MON-RR'),'Destination','City','Country','Trip Purpose');
Insert into TRAVEL.INVOICES (ID,INVOICE_ORDER,TRANSACTION_ID,INVOICE_NUMBER,BOOKING_FILE_NUMBER,DEPARTURE_DATE,ARRIVAL_DATE,EMPLOYEE_ID,COST_CENTER,COST_CENTER_DEPARTMENT,PASSENGER_NAME,SERVICE_TYPE,SERVICE_DESC,ROUTING,INTER_DOM,CHECK_IN,CHECK_OUT,NUMBER_OF_NIGHTS,NUMBER_OF_ROOMS,AIRLINE,ROOM_TYPE,SUPPLIER_NAME,NET_AMOUNT,OPERATION_FEES,TOTAL_AMOUNT,TICKET_NO,TRAVEL_FORM_NUMBER,DESCRIPTION,FROM_DATE,TO_DATE,UPLOADED_INVOICE_FILE_ID,EMPLOYEE_DEPARTMENT,INVOICE_DATE,DESTINATION,CITY,COUNTRY,TRIP_PURPOSE) values (6551,2,'b518b4a5-6518-47cc-ba6d-17b1c299f36e','123','123',to_date('15-MAR-15','DD-MON-RR'),to_date('20-MAR-15','DD-MON-RR'),'444555','35644','HR','Mohamed ahmed','CWT FEE','VISA/TRAVEL DOCUMENTATION','Cairo - Frankfurt','International',null,null,0,0,'Lufthansa',null,'German Visa',500,30,530,'65656433','223434','Description',to_date('15-MAR-15','DD-MON-RR'),to_date('20-MAR-15','DD-MON-RR'),223,'HR',to_date('24-MAR-15','DD-MON-RR'),'Destination','City','Country','Trip Purpose');
Insert into TRAVEL.INVOICES (ID,INVOICE_ORDER,TRANSACTION_ID,INVOICE_NUMBER,BOOKING_FILE_NUMBER,DEPARTURE_DATE,ARRIVAL_DATE,EMPLOYEE_ID,COST_CENTER,COST_CENTER_DEPARTMENT,PASSENGER_NAME,SERVICE_TYPE,SERVICE_DESC,ROUTING,INTER_DOM,CHECK_IN,CHECK_OUT,NUMBER_OF_NIGHTS,NUMBER_OF_ROOMS,AIRLINE,ROOM_TYPE,SUPPLIER_NAME,NET_AMOUNT,OPERATION_FEES,TOTAL_AMOUNT,TICKET_NO,TRAVEL_FORM_NUMBER,DESCRIPTION,FROM_DATE,TO_DATE,UPLOADED_INVOICE_FILE_ID,EMPLOYEE_DEPARTMENT,INVOICE_DATE,DESTINATION,CITY,COUNTRY,TRIP_PURPOSE) values (6552,1,'b518b4a5-6518-47cc-ba6d-17b1c299f36e','123','123',to_date('15-MAR-15','DD-MON-RR'),to_date('20-MAR-15','DD-MON-RR'),'444555','35644','HR','Mohamed ahmed','Air','AIR TICKET DOMESTIC','Cairo - Frankfurt','International',null,null,null,null,'Lufthansa',null,'Lufthansa',500,30,530,'65656433','223434','Description',null,null,223,'HR',to_date('24-MAR-15','DD-MON-RR'),'Destination','City','Country','Trip Purpose');
Insert into TRAVEL.INVOICES (ID,INVOICE_ORDER,TRANSACTION_ID,INVOICE_NUMBER,BOOKING_FILE_NUMBER,DEPARTURE_DATE,ARRIVAL_DATE,EMPLOYEE_ID,COST_CENTER,COST_CENTER_DEPARTMENT,PASSENGER_NAME,SERVICE_TYPE,SERVICE_DESC,ROUTING,INTER_DOM,CHECK_IN,CHECK_OUT,NUMBER_OF_NIGHTS,NUMBER_OF_ROOMS,AIRLINE,ROOM_TYPE,SUPPLIER_NAME,NET_AMOUNT,OPERATION_FEES,TOTAL_AMOUNT,TICKET_NO,TRAVEL_FORM_NUMBER,DESCRIPTION,FROM_DATE,TO_DATE,UPLOADED_INVOICE_FILE_ID,EMPLOYEE_DEPARTMENT,INVOICE_DATE,DESTINATION,CITY,COUNTRY,TRIP_PURPOSE) values (6553,2,'70c769e6-946d-4d2d-a278-fb1f8ed7fb2a','123','123',to_date('15-MAR-15','DD-MON-RR'),to_date('20-MAR-15','DD-MON-RR'),'444555','35644','HR','Mohamed ahmed','CWT FEE','VISA/TRAVEL DOCUMENTATION','Cairo - Frankfurt','International',null,null,0,0,'Lufthansa',null,'German Visa',500,30,530,'65656433','223434','Description',to_date('15-MAR-15','DD-MON-RR'),to_date('20-MAR-15','DD-MON-RR'),224,'HR',to_date('24-MAR-15','DD-MON-RR'),'Destination','City','Country','Trip Purpose');
Insert into TRAVEL.INVOICES (ID,INVOICE_ORDER,TRANSACTION_ID,INVOICE_NUMBER,BOOKING_FILE_NUMBER,DEPARTURE_DATE,ARRIVAL_DATE,EMPLOYEE_ID,COST_CENTER,COST_CENTER_DEPARTMENT,PASSENGER_NAME,SERVICE_TYPE,SERVICE_DESC,ROUTING,INTER_DOM,CHECK_IN,CHECK_OUT,NUMBER_OF_NIGHTS,NUMBER_OF_ROOMS,AIRLINE,ROOM_TYPE,SUPPLIER_NAME,NET_AMOUNT,OPERATION_FEES,TOTAL_AMOUNT,TICKET_NO,TRAVEL_FORM_NUMBER,DESCRIPTION,FROM_DATE,TO_DATE,UPLOADED_INVOICE_FILE_ID,EMPLOYEE_DEPARTMENT,INVOICE_DATE,DESTINATION,CITY,COUNTRY,TRIP_PURPOSE) values (6554,1,'70c769e6-946d-4d2d-a278-fb1f8ed7fb2a','123','123',to_date('15-MAR-15','DD-MON-RR'),to_date('20-MAR-15','DD-MON-RR'),'444555','35644','HR','Mohamed ahmed','Air','AIR TICKET DOMESTIC','Cairo - Frankfurt','International',null,null,null,null,'Lufthansa',null,'Lufthansa',500,30,530,'65656433','223434','Description',null,null,224,'HR',to_date('24-MAR-15','DD-MON-RR'),'Destination','City','Country','Trip Purpose');
Insert into TRAVEL.INVOICES (ID,INVOICE_ORDER,TRANSACTION_ID,INVOICE_NUMBER,BOOKING_FILE_NUMBER,DEPARTURE_DATE,ARRIVAL_DATE,EMPLOYEE_ID,COST_CENTER,COST_CENTER_DEPARTMENT,PASSENGER_NAME,SERVICE_TYPE,SERVICE_DESC,ROUTING,INTER_DOM,CHECK_IN,CHECK_OUT,NUMBER_OF_NIGHTS,NUMBER_OF_ROOMS,AIRLINE,ROOM_TYPE,SUPPLIER_NAME,NET_AMOUNT,OPERATION_FEES,TOTAL_AMOUNT,TICKET_NO,TRAVEL_FORM_NUMBER,DESCRIPTION,FROM_DATE,TO_DATE,UPLOADED_INVOICE_FILE_ID,EMPLOYEE_DEPARTMENT,INVOICE_DATE,DESTINATION,CITY,COUNTRY,TRIP_PURPOSE) values (6555,2,'59f58586-85c6-4d8c-b8c0-4e16143fdf61','123','123',to_date('15-MAR-15','DD-MON-RR'),to_date('20-MAR-15','DD-MON-RR'),'444555','35644','HR','Mohamed ahmed','CWT FEE','VISA/TRAVEL DOCUMENTATION','Cairo - Frankfurt','International',null,null,0,0,'Lufthansa',null,'German Visa',500,30,530,'65656433','223434','Description',to_date('15-MAR-15','DD-MON-RR'),to_date('20-MAR-15','DD-MON-RR'),225,'HR',to_date('24-MAR-15','DD-MON-RR'),'Destination','City','Country','Trip Purpose');
Insert into TRAVEL.INVOICES (ID,INVOICE_ORDER,TRANSACTION_ID,INVOICE_NUMBER,BOOKING_FILE_NUMBER,DEPARTURE_DATE,ARRIVAL_DATE,EMPLOYEE_ID,COST_CENTER,COST_CENTER_DEPARTMENT,PASSENGER_NAME,SERVICE_TYPE,SERVICE_DESC,ROUTING,INTER_DOM,CHECK_IN,CHECK_OUT,NUMBER_OF_NIGHTS,NUMBER_OF_ROOMS,AIRLINE,ROOM_TYPE,SUPPLIER_NAME,NET_AMOUNT,OPERATION_FEES,TOTAL_AMOUNT,TICKET_NO,TRAVEL_FORM_NUMBER,DESCRIPTION,FROM_DATE,TO_DATE,UPLOADED_INVOICE_FILE_ID,EMPLOYEE_DEPARTMENT,INVOICE_DATE,DESTINATION,CITY,COUNTRY,TRIP_PURPOSE) values (6556,1,'59f58586-85c6-4d8c-b8c0-4e16143fdf61','123','123',to_date('15-MAR-15','DD-MON-RR'),to_date('20-MAR-15','DD-MON-RR'),'444555','35644','HR','Mohamed ahmed','Air','AIR TICKET DOMESTIC','Cairo - Frankfurt','International',null,null,null,null,'Lufthansa',null,'Lufthansa',500,30,530,'65656433','223434','Description',null,null,225,'HR',to_date('24-MAR-15','DD-MON-RR'),'Destination','City','Country','Trip Purpose');
Insert into TRAVEL.INVOICES (ID,INVOICE_ORDER,TRANSACTION_ID,INVOICE_NUMBER,BOOKING_FILE_NUMBER,DEPARTURE_DATE,ARRIVAL_DATE,EMPLOYEE_ID,COST_CENTER,COST_CENTER_DEPARTMENT,PASSENGER_NAME,SERVICE_TYPE,SERVICE_DESC,ROUTING,INTER_DOM,CHECK_IN,CHECK_OUT,NUMBER_OF_NIGHTS,NUMBER_OF_ROOMS,AIRLINE,ROOM_TYPE,SUPPLIER_NAME,NET_AMOUNT,OPERATION_FEES,TOTAL_AMOUNT,TICKET_NO,TRAVEL_FORM_NUMBER,DESCRIPTION,FROM_DATE,TO_DATE,UPLOADED_INVOICE_FILE_ID,EMPLOYEE_DEPARTMENT,INVOICE_DATE,DESTINATION,CITY,COUNTRY,TRIP_PURPOSE) values (6557,3,'59f58586-85c6-4d8c-b8c0-4e16143fdf61','123','123',to_date('15-MAR-15','DD-MON-RR'),to_date('20-MAR-15','DD-MON-RR'),'444555','35644','HR','Mohamed ahmed','Hotel','1 Person Room','Cairo - Frankfurt','International',to_date('15-MAR-15','DD-MON-RR'),to_date('20-MAR-15','DD-MON-RR'),6,1,null,'Single','Hilton',1000,0,1000,'65656433','223434','Description',to_date('15-MAR-15','DD-MON-RR'),to_date('20-MAR-15','DD-MON-RR'),225,'HR',to_date('24-MAR-15','DD-MON-RR'),'Destination','City','Country','Trip Purpose');
Insert into TRAVEL.INVOICES (ID,INVOICE_ORDER,TRANSACTION_ID,INVOICE_NUMBER,BOOKING_FILE_NUMBER,DEPARTURE_DATE,ARRIVAL_DATE,EMPLOYEE_ID,COST_CENTER,COST_CENTER_DEPARTMENT,PASSENGER_NAME,SERVICE_TYPE,SERVICE_DESC,ROUTING,INTER_DOM,CHECK_IN,CHECK_OUT,NUMBER_OF_NIGHTS,NUMBER_OF_ROOMS,AIRLINE,ROOM_TYPE,SUPPLIER_NAME,NET_AMOUNT,OPERATION_FEES,TOTAL_AMOUNT,TICKET_NO,TRAVEL_FORM_NUMBER,DESCRIPTION,FROM_DATE,TO_DATE,UPLOADED_INVOICE_FILE_ID,EMPLOYEE_DEPARTMENT,INVOICE_DATE,DESTINATION,CITY,COUNTRY,TRIP_PURPOSE) values (6558,1,'30ae577b-887b-486f-9a6e-e6f435ebdf22','123','123',to_date('15-MAR-15','DD-MON-RR'),to_date('20-MAR-15','DD-MON-RR'),'444555','35644','HR','Mohamed ahmed','Air','AIR TICKET DOMESTIC','Cairo - Frankfurt','International',null,null,null,null,'Lufthansa',null,'Lufthansa',500,30,530,'65656433','223434','Description',null,null,226,'HR',to_date('24-MAR-15','DD-MON-RR'),'Destination','City','Country','Trip Purpose');
Insert into TRAVEL.INVOICES (ID,INVOICE_ORDER,TRANSACTION_ID,INVOICE_NUMBER,BOOKING_FILE_NUMBER,DEPARTURE_DATE,ARRIVAL_DATE,EMPLOYEE_ID,COST_CENTER,COST_CENTER_DEPARTMENT,PASSENGER_NAME,SERVICE_TYPE,SERVICE_DESC,ROUTING,INTER_DOM,CHECK_IN,CHECK_OUT,NUMBER_OF_NIGHTS,NUMBER_OF_ROOMS,AIRLINE,ROOM_TYPE,SUPPLIER_NAME,NET_AMOUNT,OPERATION_FEES,TOTAL_AMOUNT,TICKET_NO,TRAVEL_FORM_NUMBER,DESCRIPTION,FROM_DATE,TO_DATE,UPLOADED_INVOICE_FILE_ID,EMPLOYEE_DEPARTMENT,INVOICE_DATE,DESTINATION,CITY,COUNTRY,TRIP_PURPOSE) values (6559,3,'30ae577b-887b-486f-9a6e-e6f435ebdf22','123','123',to_date('15-MAR-15','DD-MON-RR'),to_date('20-MAR-15','DD-MON-RR'),'444555','35644','HR','Mohamed ahmed','Hotel','1 Person Room','Cairo - Frankfurt','International',to_date('15-MAR-15','DD-MON-RR'),to_date('20-MAR-15','DD-MON-RR'),6,1,null,'Single','Hilton',100000,0,100000,'65656433','223434','Description',to_date('15-MAR-15','DD-MON-RR'),to_date('20-MAR-15','DD-MON-RR'),226,'HR',to_date('24-MAR-15','DD-MON-RR'),'Destination','City','Country','Trip Purpose');
Insert into TRAVEL.INVOICES (ID,INVOICE_ORDER,TRANSACTION_ID,INVOICE_NUMBER,BOOKING_FILE_NUMBER,DEPARTURE_DATE,ARRIVAL_DATE,EMPLOYEE_ID,COST_CENTER,COST_CENTER_DEPARTMENT,PASSENGER_NAME,SERVICE_TYPE,SERVICE_DESC,ROUTING,INTER_DOM,CHECK_IN,CHECK_OUT,NUMBER_OF_NIGHTS,NUMBER_OF_ROOMS,AIRLINE,ROOM_TYPE,SUPPLIER_NAME,NET_AMOUNT,OPERATION_FEES,TOTAL_AMOUNT,TICKET_NO,TRAVEL_FORM_NUMBER,DESCRIPTION,FROM_DATE,TO_DATE,UPLOADED_INVOICE_FILE_ID,EMPLOYEE_DEPARTMENT,INVOICE_DATE,DESTINATION,CITY,COUNTRY,TRIP_PURPOSE) values (6560,2,'30ae577b-887b-486f-9a6e-e6f435ebdf22','123','123',to_date('15-MAR-15','DD-MON-RR'),to_date('20-MAR-15','DD-MON-RR'),'444555','35644','HR','Mohamed ahmed','CWT FEE','VISA/TRAVEL DOCUMENTATION','Cairo - Frankfurt','International',null,null,0,0,'Lufthansa',null,'German Visa',500,30,530,'65656433','223434','Description',to_date('15-MAR-15','DD-MON-RR'),to_date('20-MAR-15','DD-MON-RR'),226,'HR',to_date('24-MAR-15','DD-MON-RR'),'Destination','City','Country','Trip Purpose');
Insert into TRAVEL.INVOICES (ID,INVOICE_ORDER,TRANSACTION_ID,INVOICE_NUMBER,BOOKING_FILE_NUMBER,DEPARTURE_DATE,ARRIVAL_DATE,EMPLOYEE_ID,COST_CENTER,COST_CENTER_DEPARTMENT,PASSENGER_NAME,SERVICE_TYPE,SERVICE_DESC,ROUTING,INTER_DOM,CHECK_IN,CHECK_OUT,NUMBER_OF_NIGHTS,NUMBER_OF_ROOMS,AIRLINE,ROOM_TYPE,SUPPLIER_NAME,NET_AMOUNT,OPERATION_FEES,TOTAL_AMOUNT,TICKET_NO,TRAVEL_FORM_NUMBER,DESCRIPTION,FROM_DATE,TO_DATE,UPLOADED_INVOICE_FILE_ID,EMPLOYEE_DEPARTMENT,INVOICE_DATE,DESTINATION,CITY,COUNTRY,TRIP_PURPOSE) values (6575,4,'85fb0f11-2094-4e41-bf5f-474ef09d79b4','123','123',to_date('15-MAR-15','DD-MON-RR'),to_date('20-MAR-15','DD-MON-RR'),'444555','35644','HR','Mohamed ahmed','CWT FEE','MEET AND GREET','Cairo - Frankfurt','International',null,null,0,0,'Lufthansa',null,'German Visa',500,30,530,'65656433','223434','Description',to_date('15-MAR-15','DD-MON-RR'),null,245,'HR',to_date('24-MAR-15','DD-MON-RR'),'Destination','City','Country','Trip Purpose');
Insert into TRAVEL.INVOICES (ID,INVOICE_ORDER,TRANSACTION_ID,INVOICE_NUMBER,BOOKING_FILE_NUMBER,DEPARTURE_DATE,ARRIVAL_DATE,EMPLOYEE_ID,COST_CENTER,COST_CENTER_DEPARTMENT,PASSENGER_NAME,SERVICE_TYPE,SERVICE_DESC,ROUTING,INTER_DOM,CHECK_IN,CHECK_OUT,NUMBER_OF_NIGHTS,NUMBER_OF_ROOMS,AIRLINE,ROOM_TYPE,SUPPLIER_NAME,NET_AMOUNT,OPERATION_FEES,TOTAL_AMOUNT,TICKET_NO,TRAVEL_FORM_NUMBER,DESCRIPTION,FROM_DATE,TO_DATE,UPLOADED_INVOICE_FILE_ID,EMPLOYEE_DEPARTMENT,INVOICE_DATE,DESTINATION,CITY,COUNTRY,TRIP_PURPOSE) values (6576,5,'85fb0f11-2094-4e41-bf5f-474ef09d79b4','123','123',to_date('15-MAR-15','DD-MON-RR'),to_date('20-MAR-15','DD-MON-RR'),'444555','35644','HR','Mohamed ahmed','CWT FEE','MEET AND GREET EMERGENCY','Cairo - Frankfurt','International',null,null,0,0,'Lufthansa',null,'German Visa',500,30,530,'65656433','223434','Description',null,null,245,'HR',to_date('24-MAR-15','DD-MON-RR'),'Destination','City','Country','Trip Purpose');
Insert into TRAVEL.INVOICES (ID,INVOICE_ORDER,TRANSACTION_ID,INVOICE_NUMBER,BOOKING_FILE_NUMBER,DEPARTURE_DATE,ARRIVAL_DATE,EMPLOYEE_ID,COST_CENTER,COST_CENTER_DEPARTMENT,PASSENGER_NAME,SERVICE_TYPE,SERVICE_DESC,ROUTING,INTER_DOM,CHECK_IN,CHECK_OUT,NUMBER_OF_NIGHTS,NUMBER_OF_ROOMS,AIRLINE,ROOM_TYPE,SUPPLIER_NAME,NET_AMOUNT,OPERATION_FEES,TOTAL_AMOUNT,TICKET_NO,TRAVEL_FORM_NUMBER,DESCRIPTION,FROM_DATE,TO_DATE,UPLOADED_INVOICE_FILE_ID,EMPLOYEE_DEPARTMENT,INVOICE_DATE,DESTINATION,CITY,COUNTRY,TRIP_PURPOSE) values (6577,3,'85fb0f11-2094-4e41-bf5f-474ef09d79b4','123','123',to_date('15-MAR-15','DD-MON-RR'),to_date('20-MAR-15','DD-MON-RR'),'444555','35644','HR','Mohamed ahmed','Hotel','1 Person Room','Cairo - Frankfurt','International',to_date('15-MAR-15','DD-MON-RR'),to_date('20-MAR-15','DD-MON-RR'),6,1,null,'Single','Hilton',100000,0,100000,'65656433','223434','Description',to_date('15-MAR-15','DD-MON-RR'),to_date('20-MAR-15','DD-MON-RR'),245,'HR',to_date('24-MAR-15','DD-MON-RR'),'Destination','City','Country','Trip Purpose');
Insert into TRAVEL.INVOICES (ID,INVOICE_ORDER,TRANSACTION_ID,INVOICE_NUMBER,BOOKING_FILE_NUMBER,DEPARTURE_DATE,ARRIVAL_DATE,EMPLOYEE_ID,COST_CENTER,COST_CENTER_DEPARTMENT,PASSENGER_NAME,SERVICE_TYPE,SERVICE_DESC,ROUTING,INTER_DOM,CHECK_IN,CHECK_OUT,NUMBER_OF_NIGHTS,NUMBER_OF_ROOMS,AIRLINE,ROOM_TYPE,SUPPLIER_NAME,NET_AMOUNT,OPERATION_FEES,TOTAL_AMOUNT,TICKET_NO,TRAVEL_FORM_NUMBER,DESCRIPTION,FROM_DATE,TO_DATE,UPLOADED_INVOICE_FILE_ID,EMPLOYEE_DEPARTMENT,INVOICE_DATE,DESTINATION,CITY,COUNTRY,TRIP_PURPOSE) values (6578,1,'85fb0f11-2094-4e41-bf5f-474ef09d79b4','123','123',to_date('15-MAR-15','DD-MON-RR'),to_date('20-MAR-15','DD-MON-RR'),'444555','35644','HR','Mohamed ahmed','Air','AIR TICKET DOMESTIC','Cairo - Frankfurt','International',null,null,null,null,'Lufthansa',null,'Lufthansa',500,30,530,'65656433','223434','Description',null,null,245,'HR',to_date('24-MAR-15','DD-MON-RR'),'Destination','City','Country','Trip Purpose');
Insert into TRAVEL.INVOICES (ID,INVOICE_ORDER,TRANSACTION_ID,INVOICE_NUMBER,BOOKING_FILE_NUMBER,DEPARTURE_DATE,ARRIVAL_DATE,EMPLOYEE_ID,COST_CENTER,COST_CENTER_DEPARTMENT,PASSENGER_NAME,SERVICE_TYPE,SERVICE_DESC,ROUTING,INTER_DOM,CHECK_IN,CHECK_OUT,NUMBER_OF_NIGHTS,NUMBER_OF_ROOMS,AIRLINE,ROOM_TYPE,SUPPLIER_NAME,NET_AMOUNT,OPERATION_FEES,TOTAL_AMOUNT,TICKET_NO,TRAVEL_FORM_NUMBER,DESCRIPTION,FROM_DATE,TO_DATE,UPLOADED_INVOICE_FILE_ID,EMPLOYEE_DEPARTMENT,INVOICE_DATE,DESTINATION,CITY,COUNTRY,TRIP_PURPOSE) values (6579,2,'85fb0f11-2094-4e41-bf5f-474ef09d79b4','123','123',to_date('15-MAR-15','DD-MON-RR'),to_date('20-MAR-15','DD-MON-RR'),'444555','35644','HR','Mohamed ahmed','CWT FEE','VISA/TRAVEL DOCUMENTATION','Cairo - Frankfurt','International',null,null,0,0,'Lufthansa',null,'German Visa',500,30,530,'65656433','223434','Description',to_date('15-MAR-15','DD-MON-RR'),to_date('20-MAR-15','DD-MON-RR'),245,'HR',to_date('24-MAR-15','DD-MON-RR'),'Destination','City','Country','Trip Purpose');
Insert into TRAVEL.INVOICES (ID,INVOICE_ORDER,TRANSACTION_ID,INVOICE_NUMBER,BOOKING_FILE_NUMBER,DEPARTURE_DATE,ARRIVAL_DATE,EMPLOYEE_ID,COST_CENTER,COST_CENTER_DEPARTMENT,PASSENGER_NAME,SERVICE_TYPE,SERVICE_DESC,ROUTING,INTER_DOM,CHECK_IN,CHECK_OUT,NUMBER_OF_NIGHTS,NUMBER_OF_ROOMS,AIRLINE,ROOM_TYPE,SUPPLIER_NAME,NET_AMOUNT,OPERATION_FEES,TOTAL_AMOUNT,TICKET_NO,TRAVEL_FORM_NUMBER,DESCRIPTION,FROM_DATE,TO_DATE,UPLOADED_INVOICE_FILE_ID,EMPLOYEE_DEPARTMENT,INVOICE_DATE,DESTINATION,CITY,COUNTRY,TRIP_PURPOSE) values (6580,4,'11668b49-4c91-483d-af33-427594c59f94','123','123',to_date('15-MAR-15','DD-MON-RR'),to_date('20-MAR-15','DD-MON-RR'),'444555','35644','HR','Mohamed ahmed','CWT FEE','MEET AND GREET','Cairo - Frankfurt','International',null,null,0,0,'Lufthansa',null,'German Visa',500,30,530,'65656433','223434','Description',to_date('15-MAR-15','DD-MON-RR'),null,246,'HR',to_date('24-MAR-15','DD-MON-RR'),'Destination','City','Country','Trip Purpose');
Insert into TRAVEL.INVOICES (ID,INVOICE_ORDER,TRANSACTION_ID,INVOICE_NUMBER,BOOKING_FILE_NUMBER,DEPARTURE_DATE,ARRIVAL_DATE,EMPLOYEE_ID,COST_CENTER,COST_CENTER_DEPARTMENT,PASSENGER_NAME,SERVICE_TYPE,SERVICE_DESC,ROUTING,INTER_DOM,CHECK_IN,CHECK_OUT,NUMBER_OF_NIGHTS,NUMBER_OF_ROOMS,AIRLINE,ROOM_TYPE,SUPPLIER_NAME,NET_AMOUNT,OPERATION_FEES,TOTAL_AMOUNT,TICKET_NO,TRAVEL_FORM_NUMBER,DESCRIPTION,FROM_DATE,TO_DATE,UPLOADED_INVOICE_FILE_ID,EMPLOYEE_DEPARTMENT,INVOICE_DATE,DESTINATION,CITY,COUNTRY,TRIP_PURPOSE) values (6581,2,'11668b49-4c91-483d-af33-427594c59f94','123','123',to_date('15-MAR-15','DD-MON-RR'),to_date('20-MAR-15','DD-MON-RR'),'444555','35644','HR','Mohamed ahmed','CWT FEE','VISA/TRAVEL DOCUMENTATION','Cairo - Frankfurt','International',null,null,0,0,'Lufthansa',null,'German Visa',500,30,530,'65656433','223434','Description',to_date('15-MAR-15','DD-MON-RR'),to_date('20-MAR-15','DD-MON-RR'),246,'HR',to_date('24-MAR-15','DD-MON-RR'),'Destination','City','Country','Trip Purpose');
Insert into TRAVEL.INVOICES (ID,INVOICE_ORDER,TRANSACTION_ID,INVOICE_NUMBER,BOOKING_FILE_NUMBER,DEPARTURE_DATE,ARRIVAL_DATE,EMPLOYEE_ID,COST_CENTER,COST_CENTER_DEPARTMENT,PASSENGER_NAME,SERVICE_TYPE,SERVICE_DESC,ROUTING,INTER_DOM,CHECK_IN,CHECK_OUT,NUMBER_OF_NIGHTS,NUMBER_OF_ROOMS,AIRLINE,ROOM_TYPE,SUPPLIER_NAME,NET_AMOUNT,OPERATION_FEES,TOTAL_AMOUNT,TICKET_NO,TRAVEL_FORM_NUMBER,DESCRIPTION,FROM_DATE,TO_DATE,UPLOADED_INVOICE_FILE_ID,EMPLOYEE_DEPARTMENT,INVOICE_DATE,DESTINATION,CITY,COUNTRY,TRIP_PURPOSE) values (6582,3,'11668b49-4c91-483d-af33-427594c59f94','123','123',to_date('15-MAR-15','DD-MON-RR'),to_date('20-MAR-15','DD-MON-RR'),'444555','35644','HR','Mohamed ahmed','Hotel','1 Person Room','Cairo - Frankfurt','International',to_date('15-MAR-15','DD-MON-RR'),to_date('20-MAR-15','DD-MON-RR'),6,1,null,'Single','Hilton',100000,0,100000,'65656433','223434','Description',to_date('15-MAR-15','DD-MON-RR'),to_date('20-MAR-15','DD-MON-RR'),246,'HR',to_date('24-MAR-15','DD-MON-RR'),'Destination','City','Country','Trip Purpose');
Insert into TRAVEL.INVOICES (ID,INVOICE_ORDER,TRANSACTION_ID,INVOICE_NUMBER,BOOKING_FILE_NUMBER,DEPARTURE_DATE,ARRIVAL_DATE,EMPLOYEE_ID,COST_CENTER,COST_CENTER_DEPARTMENT,PASSENGER_NAME,SERVICE_TYPE,SERVICE_DESC,ROUTING,INTER_DOM,CHECK_IN,CHECK_OUT,NUMBER_OF_NIGHTS,NUMBER_OF_ROOMS,AIRLINE,ROOM_TYPE,SUPPLIER_NAME,NET_AMOUNT,OPERATION_FEES,TOTAL_AMOUNT,TICKET_NO,TRAVEL_FORM_NUMBER,DESCRIPTION,FROM_DATE,TO_DATE,UPLOADED_INVOICE_FILE_ID,EMPLOYEE_DEPARTMENT,INVOICE_DATE,DESTINATION,CITY,COUNTRY,TRIP_PURPOSE) values (6583,5,'11668b49-4c91-483d-af33-427594c59f94','123','123',to_date('15-MAR-15','DD-MON-RR'),to_date('20-MAR-15','DD-MON-RR'),'444555','35644','HR','Mohamed ahmed','CWT FEE','MEET AND GREET EMERGENCY','Cairo - Frankfurt','International',null,null,0,0,'Lufthansa',null,'German Visa',500,30,530,'65656433','223434','Description',null,null,246,'HR',to_date('24-MAR-15','DD-MON-RR'),'Destination','City','Country','Trip Purpose');
Insert into TRAVEL.INVOICES (ID,INVOICE_ORDER,TRANSACTION_ID,INVOICE_NUMBER,BOOKING_FILE_NUMBER,DEPARTURE_DATE,ARRIVAL_DATE,EMPLOYEE_ID,COST_CENTER,COST_CENTER_DEPARTMENT,PASSENGER_NAME,SERVICE_TYPE,SERVICE_DESC,ROUTING,INTER_DOM,CHECK_IN,CHECK_OUT,NUMBER_OF_NIGHTS,NUMBER_OF_ROOMS,AIRLINE,ROOM_TYPE,SUPPLIER_NAME,NET_AMOUNT,OPERATION_FEES,TOTAL_AMOUNT,TICKET_NO,TRAVEL_FORM_NUMBER,DESCRIPTION,FROM_DATE,TO_DATE,UPLOADED_INVOICE_FILE_ID,EMPLOYEE_DEPARTMENT,INVOICE_DATE,DESTINATION,CITY,COUNTRY,TRIP_PURPOSE) values (6584,1,'11668b49-4c91-483d-af33-427594c59f94','123','123',to_date('15-MAR-15','DD-MON-RR'),to_date('20-MAR-15','DD-MON-RR'),'444555','35644','HR','Mohamed ahmed','Air','AIR TICKET DOMESTIC','Cairo - Frankfurt','International',null,null,null,null,'Lufthansa',null,'Lufthansa',500,30,530,'65656433','223434','Description',null,null,246,'HR',to_date('24-MAR-15','DD-MON-RR'),'Destination','City','Country','Trip Purpose');
Insert into TRAVEL.INVOICES (ID,INVOICE_ORDER,TRANSACTION_ID,INVOICE_NUMBER,BOOKING_FILE_NUMBER,DEPARTURE_DATE,ARRIVAL_DATE,EMPLOYEE_ID,COST_CENTER,COST_CENTER_DEPARTMENT,PASSENGER_NAME,SERVICE_TYPE,SERVICE_DESC,ROUTING,INTER_DOM,CHECK_IN,CHECK_OUT,NUMBER_OF_NIGHTS,NUMBER_OF_ROOMS,AIRLINE,ROOM_TYPE,SUPPLIER_NAME,NET_AMOUNT,OPERATION_FEES,TOTAL_AMOUNT,TICKET_NO,TRAVEL_FORM_NUMBER,DESCRIPTION,FROM_DATE,TO_DATE,UPLOADED_INVOICE_FILE_ID,EMPLOYEE_DEPARTMENT,INVOICE_DATE,DESTINATION,CITY,COUNTRY,TRIP_PURPOSE) values (6595,5,'0e869be6-7574-4cfd-9d0b-8ab6d17351cd','123','123',to_date('15-MAR-15','DD-MON-RR'),to_date('20-MAR-15','DD-MON-RR'),'444555','35644','HR','Mohamed ahmed','CWT FEE','MEET AND GREET EMERGENCY','Cairo - Frankfurt','International',null,null,0,0,'Lufthansa',null,'German Visa',500,30,530,'65656433','223434','test from and to',null,null,265,'HR',to_date('24-MAR-15','DD-MON-RR'),'Destination','City','Country','Trip Purpose');
Insert into TRAVEL.INVOICES (ID,INVOICE_ORDER,TRANSACTION_ID,INVOICE_NUMBER,BOOKING_FILE_NUMBER,DEPARTURE_DATE,ARRIVAL_DATE,EMPLOYEE_ID,COST_CENTER,COST_CENTER_DEPARTMENT,PASSENGER_NAME,SERVICE_TYPE,SERVICE_DESC,ROUTING,INTER_DOM,CHECK_IN,CHECK_OUT,NUMBER_OF_NIGHTS,NUMBER_OF_ROOMS,AIRLINE,ROOM_TYPE,SUPPLIER_NAME,NET_AMOUNT,OPERATION_FEES,TOTAL_AMOUNT,TICKET_NO,TRAVEL_FORM_NUMBER,DESCRIPTION,FROM_DATE,TO_DATE,UPLOADED_INVOICE_FILE_ID,EMPLOYEE_DEPARTMENT,INVOICE_DATE,DESTINATION,CITY,COUNTRY,TRIP_PURPOSE) values (6596,2,'0e869be6-7574-4cfd-9d0b-8ab6d17351cd','123','123',to_date('15-MAR-15','DD-MON-RR'),to_date('20-MAR-15','DD-MON-RR'),'444555','35644','HR','Mohamed ahmed','CWT FEE','VISA/TRAVEL DOCUMENTATION','Cairo - Frankfurt','International',null,null,0,0,'Lufthansa',null,'German Visa',500,30,530,'65656433','223434','test visa',to_date('15-MAR-15','DD-MON-RR'),to_date('20-MAR-15','DD-MON-RR'),265,'HR',to_date('24-MAR-15','DD-MON-RR'),'Destination','City','Country','Trip Purpose');
Insert into TRAVEL.INVOICES (ID,INVOICE_ORDER,TRANSACTION_ID,INVOICE_NUMBER,BOOKING_FILE_NUMBER,DEPARTURE_DATE,ARRIVAL_DATE,EMPLOYEE_ID,COST_CENTER,COST_CENTER_DEPARTMENT,PASSENGER_NAME,SERVICE_TYPE,SERVICE_DESC,ROUTING,INTER_DOM,CHECK_IN,CHECK_OUT,NUMBER_OF_NIGHTS,NUMBER_OF_ROOMS,AIRLINE,ROOM_TYPE,SUPPLIER_NAME,NET_AMOUNT,OPERATION_FEES,TOTAL_AMOUNT,TICKET_NO,TRAVEL_FORM_NUMBER,DESCRIPTION,FROM_DATE,TO_DATE,UPLOADED_INVOICE_FILE_ID,EMPLOYEE_DEPARTMENT,INVOICE_DATE,DESTINATION,CITY,COUNTRY,TRIP_PURPOSE) values (6597,1,'0e869be6-7574-4cfd-9d0b-8ab6d17351cd','123','123',to_date('15-MAR-15','DD-MON-RR'),to_date('20-MAR-15','DD-MON-RR'),'444555','35644','HR','Mohamed ahmed','Air','AIR TICKET DOMESTIC','Cairo - Frankfurt','International',null,null,null,null,'Lufthansa',null,'Lufthansa',500,30,530,'65656433','223434','test air ticket ',null,null,265,'HR',to_date('24-MAR-15','DD-MON-RR'),'Destination','City','Country','Trip Purpose');
Insert into TRAVEL.INVOICES (ID,INVOICE_ORDER,TRANSACTION_ID,INVOICE_NUMBER,BOOKING_FILE_NUMBER,DEPARTURE_DATE,ARRIVAL_DATE,EMPLOYEE_ID,COST_CENTER,COST_CENTER_DEPARTMENT,PASSENGER_NAME,SERVICE_TYPE,SERVICE_DESC,ROUTING,INTER_DOM,CHECK_IN,CHECK_OUT,NUMBER_OF_NIGHTS,NUMBER_OF_ROOMS,AIRLINE,ROOM_TYPE,SUPPLIER_NAME,NET_AMOUNT,OPERATION_FEES,TOTAL_AMOUNT,TICKET_NO,TRAVEL_FORM_NUMBER,DESCRIPTION,FROM_DATE,TO_DATE,UPLOADED_INVOICE_FILE_ID,EMPLOYEE_DEPARTMENT,INVOICE_DATE,DESTINATION,CITY,COUNTRY,TRIP_PURPOSE) values (6598,3,'0e869be6-7574-4cfd-9d0b-8ab6d17351cd','123','123',to_date('15-MAR-15','DD-MON-RR'),to_date('20-MAR-15','DD-MON-RR'),'444555','35644','HR','Mohamed ahmed','Hotel','1 Person Room','Cairo - Frankfurt','International',to_date('15-MAR-15','DD-MON-RR'),to_date('20-MAR-15','DD-MON-RR'),6,1,null,'Single','Hilton',100000,0,100000,'65656433','223434','test hotel',to_date('15-MAR-15','DD-MON-RR'),to_date('20-MAR-15','DD-MON-RR'),265,'HR',to_date('24-MAR-15','DD-MON-RR'),'Destination','City','Country','Trip Purpose');
Insert into TRAVEL.INVOICES (ID,INVOICE_ORDER,TRANSACTION_ID,INVOICE_NUMBER,BOOKING_FILE_NUMBER,DEPARTURE_DATE,ARRIVAL_DATE,EMPLOYEE_ID,COST_CENTER,COST_CENTER_DEPARTMENT,PASSENGER_NAME,SERVICE_TYPE,SERVICE_DESC,ROUTING,INTER_DOM,CHECK_IN,CHECK_OUT,NUMBER_OF_NIGHTS,NUMBER_OF_ROOMS,AIRLINE,ROOM_TYPE,SUPPLIER_NAME,NET_AMOUNT,OPERATION_FEES,TOTAL_AMOUNT,TICKET_NO,TRAVEL_FORM_NUMBER,DESCRIPTION,FROM_DATE,TO_DATE,UPLOADED_INVOICE_FILE_ID,EMPLOYEE_DEPARTMENT,INVOICE_DATE,DESTINATION,CITY,COUNTRY,TRIP_PURPOSE) values (6599,4,'0e869be6-7574-4cfd-9d0b-8ab6d17351cd','123','123',to_date('15-MAR-15','DD-MON-RR'),to_date('20-MAR-15','DD-MON-RR'),'444555','35644','HR','Mohamed ahmed','CWT FEE','MEET AND GREET','Cairo - Frankfurt','International',null,null,0,0,'Lufthansa',null,'German Visa',500,30,530,'65656433','223434','test from and to',to_date('15-MAR-15','DD-MON-RR'),null,265,'HR',to_date('24-MAR-15','DD-MON-RR'),'Destination','City','Country','Trip Purpose');
Insert into TRAVEL.INVOICES (ID,INVOICE_ORDER,TRANSACTION_ID,INVOICE_NUMBER,BOOKING_FILE_NUMBER,DEPARTURE_DATE,ARRIVAL_DATE,EMPLOYEE_ID,COST_CENTER,COST_CENTER_DEPARTMENT,PASSENGER_NAME,SERVICE_TYPE,SERVICE_DESC,ROUTING,INTER_DOM,CHECK_IN,CHECK_OUT,NUMBER_OF_NIGHTS,NUMBER_OF_ROOMS,AIRLINE,ROOM_TYPE,SUPPLIER_NAME,NET_AMOUNT,OPERATION_FEES,TOTAL_AMOUNT,TICKET_NO,TRAVEL_FORM_NUMBER,DESCRIPTION,FROM_DATE,TO_DATE,UPLOADED_INVOICE_FILE_ID,EMPLOYEE_DEPARTMENT,INVOICE_DATE,DESTINATION,CITY,COUNTRY,TRIP_PURPOSE) values (6615,1,'89e7cc56-3e51-4bdc-bc4c-7de6bb9482d8','123','123',to_date('15-MAR-15','DD-MON-RR'),to_date('20-MAR-15','DD-MON-RR'),'444555','35644','HR','Mohamed ahmed','Air','AIR TICKET DOMESTIC','Cairo - Frankfurt','International',null,null,null,null,'Lufthansa',null,'Lufthansa',500,30,530,'65656433','223434','test air ticket ',null,null,285,'HR',to_date('24-MAR-15','DD-MON-RR'),'Destination','City','Country','Trip Purpose');
Insert into TRAVEL.INVOICES (ID,INVOICE_ORDER,TRANSACTION_ID,INVOICE_NUMBER,BOOKING_FILE_NUMBER,DEPARTURE_DATE,ARRIVAL_DATE,EMPLOYEE_ID,COST_CENTER,COST_CENTER_DEPARTMENT,PASSENGER_NAME,SERVICE_TYPE,SERVICE_DESC,ROUTING,INTER_DOM,CHECK_IN,CHECK_OUT,NUMBER_OF_NIGHTS,NUMBER_OF_ROOMS,AIRLINE,ROOM_TYPE,SUPPLIER_NAME,NET_AMOUNT,OPERATION_FEES,TOTAL_AMOUNT,TICKET_NO,TRAVEL_FORM_NUMBER,DESCRIPTION,FROM_DATE,TO_DATE,UPLOADED_INVOICE_FILE_ID,EMPLOYEE_DEPARTMENT,INVOICE_DATE,DESTINATION,CITY,COUNTRY,TRIP_PURPOSE) values (6616,5,'89e7cc56-3e51-4bdc-bc4c-7de6bb9482d8','123','123',to_date('15-MAR-15','DD-MON-RR'),to_date('20-MAR-15','DD-MON-RR'),'444555','35644','HR','Mohamed ahmed','CWT FEE','MEET AND GREET EMERGENCY','Cairo - Frankfurt','International',null,null,0,0,'Lufthansa',null,'German Visa',500,30,530,'65656433','223434','test from and to',null,null,285,'HR',to_date('24-MAR-15','DD-MON-RR'),'Destination','City','Country','Trip Purpose');
Insert into TRAVEL.INVOICES (ID,INVOICE_ORDER,TRANSACTION_ID,INVOICE_NUMBER,BOOKING_FILE_NUMBER,DEPARTURE_DATE,ARRIVAL_DATE,EMPLOYEE_ID,COST_CENTER,COST_CENTER_DEPARTMENT,PASSENGER_NAME,SERVICE_TYPE,SERVICE_DESC,ROUTING,INTER_DOM,CHECK_IN,CHECK_OUT,NUMBER_OF_NIGHTS,NUMBER_OF_ROOMS,AIRLINE,ROOM_TYPE,SUPPLIER_NAME,NET_AMOUNT,OPERATION_FEES,TOTAL_AMOUNT,TICKET_NO,TRAVEL_FORM_NUMBER,DESCRIPTION,FROM_DATE,TO_DATE,UPLOADED_INVOICE_FILE_ID,EMPLOYEE_DEPARTMENT,INVOICE_DATE,DESTINATION,CITY,COUNTRY,TRIP_PURPOSE) values (6617,4,'89e7cc56-3e51-4bdc-bc4c-7de6bb9482d8','123','123',to_date('15-MAR-15','DD-MON-RR'),to_date('20-MAR-15','DD-MON-RR'),'444555','35644','HR','Mohamed ahmed','CWT FEE','MEET AND GREET','Cairo - Frankfurt','International',null,null,0,0,'Lufthansa',null,'German Visa',500,30,530,'65656433','223434','test from and to',to_date('15-MAR-15','DD-MON-RR'),null,285,'HR',to_date('24-MAR-15','DD-MON-RR'),'Destination','City','Country','Trip Purpose');
Insert into TRAVEL.INVOICES (ID,INVOICE_ORDER,TRANSACTION_ID,INVOICE_NUMBER,BOOKING_FILE_NUMBER,DEPARTURE_DATE,ARRIVAL_DATE,EMPLOYEE_ID,COST_CENTER,COST_CENTER_DEPARTMENT,PASSENGER_NAME,SERVICE_TYPE,SERVICE_DESC,ROUTING,INTER_DOM,CHECK_IN,CHECK_OUT,NUMBER_OF_NIGHTS,NUMBER_OF_ROOMS,AIRLINE,ROOM_TYPE,SUPPLIER_NAME,NET_AMOUNT,OPERATION_FEES,TOTAL_AMOUNT,TICKET_NO,TRAVEL_FORM_NUMBER,DESCRIPTION,FROM_DATE,TO_DATE,UPLOADED_INVOICE_FILE_ID,EMPLOYEE_DEPARTMENT,INVOICE_DATE,DESTINATION,CITY,COUNTRY,TRIP_PURPOSE) values (6618,2,'89e7cc56-3e51-4bdc-bc4c-7de6bb9482d8','123','123',to_date('15-MAR-15','DD-MON-RR'),to_date('20-MAR-15','DD-MON-RR'),'444555','35644','HR','Mohamed ahmed','CWT FEE','VISA/TRAVEL DOCUMENTATION','Cairo - Frankfurt','International',null,null,0,0,'Lufthansa',null,'German Visa',500,30,530,'65656433','223434','test visa',to_date('15-MAR-15','DD-MON-RR'),to_date('20-MAR-15','DD-MON-RR'),285,'HR',to_date('24-MAR-15','DD-MON-RR'),'Destination','City','Country','Trip Purpose');
Insert into TRAVEL.INVOICES (ID,INVOICE_ORDER,TRANSACTION_ID,INVOICE_NUMBER,BOOKING_FILE_NUMBER,DEPARTURE_DATE,ARRIVAL_DATE,EMPLOYEE_ID,COST_CENTER,COST_CENTER_DEPARTMENT,PASSENGER_NAME,SERVICE_TYPE,SERVICE_DESC,ROUTING,INTER_DOM,CHECK_IN,CHECK_OUT,NUMBER_OF_NIGHTS,NUMBER_OF_ROOMS,AIRLINE,ROOM_TYPE,SUPPLIER_NAME,NET_AMOUNT,OPERATION_FEES,TOTAL_AMOUNT,TICKET_NO,TRAVEL_FORM_NUMBER,DESCRIPTION,FROM_DATE,TO_DATE,UPLOADED_INVOICE_FILE_ID,EMPLOYEE_DEPARTMENT,INVOICE_DATE,DESTINATION,CITY,COUNTRY,TRIP_PURPOSE) values (6619,3,'89e7cc56-3e51-4bdc-bc4c-7de6bb9482d8','123','123',to_date('15-MAR-15','DD-MON-RR'),to_date('20-MAR-15','DD-MON-RR'),'444555','35644','HR','Mohamed ahmed','Hotel','1 Person Room','Cairo - Frankfurt','International',to_date('15-MAR-15','DD-MON-RR'),to_date('20-MAR-15','DD-MON-RR'),6,1,null,'Single','Hilton',100000,0,100000,'65656433','223434','test hotel',to_date('15-MAR-15','DD-MON-RR'),to_date('20-MAR-15','DD-MON-RR'),285,'HR',to_date('24-MAR-15','DD-MON-RR'),'Destination','City','Country','Trip Purpose');
Insert into TRAVEL.INVOICES (ID,INVOICE_ORDER,TRANSACTION_ID,INVOICE_NUMBER,BOOKING_FILE_NUMBER,DEPARTURE_DATE,ARRIVAL_DATE,EMPLOYEE_ID,COST_CENTER,COST_CENTER_DEPARTMENT,PASSENGER_NAME,SERVICE_TYPE,SERVICE_DESC,ROUTING,INTER_DOM,CHECK_IN,CHECK_OUT,NUMBER_OF_NIGHTS,NUMBER_OF_ROOMS,AIRLINE,ROOM_TYPE,SUPPLIER_NAME,NET_AMOUNT,OPERATION_FEES,TOTAL_AMOUNT,TICKET_NO,TRAVEL_FORM_NUMBER,DESCRIPTION,FROM_DATE,TO_DATE,UPLOADED_INVOICE_FILE_ID,EMPLOYEE_DEPARTMENT,INVOICE_DATE,DESTINATION,CITY,COUNTRY,TRIP_PURPOSE) values (6620,4,'bcfd2296-58c3-4ae3-900c-1472cd740d1f','123','123',to_date('15-MAR-15','DD-MON-RR'),to_date('20-MAR-15','DD-MON-RR'),'444555','35644','HR','Mohamed ahmed','CWT FEE','MEET AND GREET','Cairo - Frankfurt','International',null,null,0,0,'Lufthansa',null,'German Visa',500,30,530,'65656433','223434','test from and to',to_date('15-MAR-15','DD-MON-RR'),null,286,'HR',to_date('24-MAR-15','DD-MON-RR'),'Destination','City','Country','Trip Purpose');
Insert into TRAVEL.INVOICES (ID,INVOICE_ORDER,TRANSACTION_ID,INVOICE_NUMBER,BOOKING_FILE_NUMBER,DEPARTURE_DATE,ARRIVAL_DATE,EMPLOYEE_ID,COST_CENTER,COST_CENTER_DEPARTMENT,PASSENGER_NAME,SERVICE_TYPE,SERVICE_DESC,ROUTING,INTER_DOM,CHECK_IN,CHECK_OUT,NUMBER_OF_NIGHTS,NUMBER_OF_ROOMS,AIRLINE,ROOM_TYPE,SUPPLIER_NAME,NET_AMOUNT,OPERATION_FEES,TOTAL_AMOUNT,TICKET_NO,TRAVEL_FORM_NUMBER,DESCRIPTION,FROM_DATE,TO_DATE,UPLOADED_INVOICE_FILE_ID,EMPLOYEE_DEPARTMENT,INVOICE_DATE,DESTINATION,CITY,COUNTRY,TRIP_PURPOSE) values (6621,2,'bcfd2296-58c3-4ae3-900c-1472cd740d1f','123','123',to_date('15-MAR-15','DD-MON-RR'),to_date('20-MAR-15','DD-MON-RR'),'444555','35644','HR','Mohamed ahmed','CWT FEE','VISA/TRAVEL DOCUMENTATION','Cairo - Frankfurt','International',null,null,0,0,'Lufthansa',null,'German Visa',500,30,530,'65656433','223434','test visa',to_date('15-MAR-15','DD-MON-RR'),to_date('20-MAR-15','DD-MON-RR'),286,'HR',to_date('24-MAR-15','DD-MON-RR'),'Destination','City','Country','Trip Purpose');
Insert into TRAVEL.INVOICES (ID,INVOICE_ORDER,TRANSACTION_ID,INVOICE_NUMBER,BOOKING_FILE_NUMBER,DEPARTURE_DATE,ARRIVAL_DATE,EMPLOYEE_ID,COST_CENTER,COST_CENTER_DEPARTMENT,PASSENGER_NAME,SERVICE_TYPE,SERVICE_DESC,ROUTING,INTER_DOM,CHECK_IN,CHECK_OUT,NUMBER_OF_NIGHTS,NUMBER_OF_ROOMS,AIRLINE,ROOM_TYPE,SUPPLIER_NAME,NET_AMOUNT,OPERATION_FEES,TOTAL_AMOUNT,TICKET_NO,TRAVEL_FORM_NUMBER,DESCRIPTION,FROM_DATE,TO_DATE,UPLOADED_INVOICE_FILE_ID,EMPLOYEE_DEPARTMENT,INVOICE_DATE,DESTINATION,CITY,COUNTRY,TRIP_PURPOSE) values (6622,1,'bcfd2296-58c3-4ae3-900c-1472cd740d1f','123','123',to_date('15-MAR-15','DD-MON-RR'),to_date('20-MAR-15','DD-MON-RR'),'444555','35644','HR','Mohamed ahmed','Air','AIR TICKET DOMESTIC','Cairo - Frankfurt','International',null,null,null,null,'Lufthansa',null,'Lufthansa',500,30,530,'65656433','223434','test air ticket ',null,null,286,'HR',to_date('24-MAR-15','DD-MON-RR'),'Destination','City','Country','Trip Purpose');
Insert into TRAVEL.INVOICES (ID,INVOICE_ORDER,TRANSACTION_ID,INVOICE_NUMBER,BOOKING_FILE_NUMBER,DEPARTURE_DATE,ARRIVAL_DATE,EMPLOYEE_ID,COST_CENTER,COST_CENTER_DEPARTMENT,PASSENGER_NAME,SERVICE_TYPE,SERVICE_DESC,ROUTING,INTER_DOM,CHECK_IN,CHECK_OUT,NUMBER_OF_NIGHTS,NUMBER_OF_ROOMS,AIRLINE,ROOM_TYPE,SUPPLIER_NAME,NET_AMOUNT,OPERATION_FEES,TOTAL_AMOUNT,TICKET_NO,TRAVEL_FORM_NUMBER,DESCRIPTION,FROM_DATE,TO_DATE,UPLOADED_INVOICE_FILE_ID,EMPLOYEE_DEPARTMENT,INVOICE_DATE,DESTINATION,CITY,COUNTRY,TRIP_PURPOSE) values (6623,5,'bcfd2296-58c3-4ae3-900c-1472cd740d1f','123','123',to_date('15-MAR-15','DD-MON-RR'),to_date('20-MAR-15','DD-MON-RR'),'444555','35644','HR','Mohamed ahmed','CWT FEE','MEET AND GREET EMERGENCY','Cairo - Frankfurt','International',null,null,0,0,'Lufthansa',null,'German Visa',500,30,530,'65656433','223434','test from and to',null,null,286,'HR',to_date('24-MAR-15','DD-MON-RR'),'Destination','City','Country','Trip Purpose');
Insert into TRAVEL.INVOICES (ID,INVOICE_ORDER,TRANSACTION_ID,INVOICE_NUMBER,BOOKING_FILE_NUMBER,DEPARTURE_DATE,ARRIVAL_DATE,EMPLOYEE_ID,COST_CENTER,COST_CENTER_DEPARTMENT,PASSENGER_NAME,SERVICE_TYPE,SERVICE_DESC,ROUTING,INTER_DOM,CHECK_IN,CHECK_OUT,NUMBER_OF_NIGHTS,NUMBER_OF_ROOMS,AIRLINE,ROOM_TYPE,SUPPLIER_NAME,NET_AMOUNT,OPERATION_FEES,TOTAL_AMOUNT,TICKET_NO,TRAVEL_FORM_NUMBER,DESCRIPTION,FROM_DATE,TO_DATE,UPLOADED_INVOICE_FILE_ID,EMPLOYEE_DEPARTMENT,INVOICE_DATE,DESTINATION,CITY,COUNTRY,TRIP_PURPOSE) values (6624,3,'bcfd2296-58c3-4ae3-900c-1472cd740d1f','123','123',to_date('15-MAR-15','DD-MON-RR'),to_date('20-MAR-15','DD-MON-RR'),'444555','35644','HR','Mohamed ahmed','Hotel','1 Person Room','Cairo - Frankfurt','International',to_date('15-MAR-15','DD-MON-RR'),to_date('20-MAR-15','DD-MON-RR'),6,1,null,'Single','Hilton',100000,0,100000,'65656433','223434','test hotel',to_date('15-MAR-15','DD-MON-RR'),to_date('20-MAR-15','DD-MON-RR'),286,'HR',to_date('24-MAR-15','DD-MON-RR'),'Destination','City','Country','Trip Purpose');
Insert into TRAVEL.INVOICES (ID,INVOICE_ORDER,TRANSACTION_ID,INVOICE_NUMBER,BOOKING_FILE_NUMBER,DEPARTURE_DATE,ARRIVAL_DATE,EMPLOYEE_ID,COST_CENTER,COST_CENTER_DEPARTMENT,PASSENGER_NAME,SERVICE_TYPE,SERVICE_DESC,ROUTING,INTER_DOM,CHECK_IN,CHECK_OUT,NUMBER_OF_NIGHTS,NUMBER_OF_ROOMS,AIRLINE,ROOM_TYPE,SUPPLIER_NAME,NET_AMOUNT,OPERATION_FEES,TOTAL_AMOUNT,TICKET_NO,TRAVEL_FORM_NUMBER,DESCRIPTION,FROM_DATE,TO_DATE,UPLOADED_INVOICE_FILE_ID,EMPLOYEE_DEPARTMENT,INVOICE_DATE,DESTINATION,CITY,COUNTRY,TRIP_PURPOSE) values (6625,2,'28f8d6b7-c8fe-48eb-9e75-2ec2426f7ad7','123','123',to_date('15-MAR-15','DD-MON-RR'),to_date('20-MAR-15','DD-MON-RR'),'444555','35644','HR','Mohamed ahmed','CWT FEE','VISA/TRAVEL DOCUMENTATION','Cairo - Frankfurt','International',null,null,0,0,'Lufthansa',null,'German Visa',500,30,530,'65656433','223434','test visa',to_date('15-MAR-15','DD-MON-RR'),to_date('20-MAR-15','DD-MON-RR'),287,'HR',to_date('24-MAR-15','DD-MON-RR'),'Destination','City','Country','Trip Purpose');
Insert into TRAVEL.INVOICES (ID,INVOICE_ORDER,TRANSACTION_ID,INVOICE_NUMBER,BOOKING_FILE_NUMBER,DEPARTURE_DATE,ARRIVAL_DATE,EMPLOYEE_ID,COST_CENTER,COST_CENTER_DEPARTMENT,PASSENGER_NAME,SERVICE_TYPE,SERVICE_DESC,ROUTING,INTER_DOM,CHECK_IN,CHECK_OUT,NUMBER_OF_NIGHTS,NUMBER_OF_ROOMS,AIRLINE,ROOM_TYPE,SUPPLIER_NAME,NET_AMOUNT,OPERATION_FEES,TOTAL_AMOUNT,TICKET_NO,TRAVEL_FORM_NUMBER,DESCRIPTION,FROM_DATE,TO_DATE,UPLOADED_INVOICE_FILE_ID,EMPLOYEE_DEPARTMENT,INVOICE_DATE,DESTINATION,CITY,COUNTRY,TRIP_PURPOSE) values (6626,4,'28f8d6b7-c8fe-48eb-9e75-2ec2426f7ad7','123','123',to_date('15-MAR-15','DD-MON-RR'),to_date('20-MAR-15','DD-MON-RR'),'444555','35644','HR','Mohamed ahmed','CWT FEE','MEET AND GREET','Cairo - Frankfurt','International',null,null,0,0,'Lufthansa',null,'German Visa',500,30,530,'65656433','223434','test from and to',to_date('15-MAR-15','DD-MON-RR'),null,287,'HR',to_date('24-MAR-15','DD-MON-RR'),'Destination','City','Country','Trip Purpose');
Insert into TRAVEL.INVOICES (ID,INVOICE_ORDER,TRANSACTION_ID,INVOICE_NUMBER,BOOKING_FILE_NUMBER,DEPARTURE_DATE,ARRIVAL_DATE,EMPLOYEE_ID,COST_CENTER,COST_CENTER_DEPARTMENT,PASSENGER_NAME,SERVICE_TYPE,SERVICE_DESC,ROUTING,INTER_DOM,CHECK_IN,CHECK_OUT,NUMBER_OF_NIGHTS,NUMBER_OF_ROOMS,AIRLINE,ROOM_TYPE,SUPPLIER_NAME,NET_AMOUNT,OPERATION_FEES,TOTAL_AMOUNT,TICKET_NO,TRAVEL_FORM_NUMBER,DESCRIPTION,FROM_DATE,TO_DATE,UPLOADED_INVOICE_FILE_ID,EMPLOYEE_DEPARTMENT,INVOICE_DATE,DESTINATION,CITY,COUNTRY,TRIP_PURPOSE) values (6627,3,'28f8d6b7-c8fe-48eb-9e75-2ec2426f7ad7','123','123',to_date('15-MAR-15','DD-MON-RR'),to_date('20-MAR-15','DD-MON-RR'),'444555','35644','HR','Mohamed ahmed','Hotel','1 Person Room','Cairo - Frankfurt','International',to_date('15-MAR-15','DD-MON-RR'),to_date('20-MAR-15','DD-MON-RR'),6,1,null,'Single','Hilton',100000,0,100000,'65656433','223434','test hotel',to_date('15-MAR-15','DD-MON-RR'),to_date('20-MAR-15','DD-MON-RR'),287,'HR',to_date('24-MAR-15','DD-MON-RR'),'Destination','City','Country','Trip Purpose');
Insert into TRAVEL.INVOICES (ID,INVOICE_ORDER,TRANSACTION_ID,INVOICE_NUMBER,BOOKING_FILE_NUMBER,DEPARTURE_DATE,ARRIVAL_DATE,EMPLOYEE_ID,COST_CENTER,COST_CENTER_DEPARTMENT,PASSENGER_NAME,SERVICE_TYPE,SERVICE_DESC,ROUTING,INTER_DOM,CHECK_IN,CHECK_OUT,NUMBER_OF_NIGHTS,NUMBER_OF_ROOMS,AIRLINE,ROOM_TYPE,SUPPLIER_NAME,NET_AMOUNT,OPERATION_FEES,TOTAL_AMOUNT,TICKET_NO,TRAVEL_FORM_NUMBER,DESCRIPTION,FROM_DATE,TO_DATE,UPLOADED_INVOICE_FILE_ID,EMPLOYEE_DEPARTMENT,INVOICE_DATE,DESTINATION,CITY,COUNTRY,TRIP_PURPOSE) values (6628,1,'28f8d6b7-c8fe-48eb-9e75-2ec2426f7ad7','123','123',to_date('15-MAR-15','DD-MON-RR'),to_date('20-MAR-15','DD-MON-RR'),'444555','35644','HR','Mohamed ahmed','Air','AIR TICKET DOMESTIC','Cairo - Frankfurt','International',null,null,null,null,'Lufthansa',null,'Lufthansa',500,30,530,'65656433','223434','test air ticket ',null,null,287,'HR',to_date('24-MAR-15','DD-MON-RR'),'Destination','City','Country','Trip Purpose');
Insert into TRAVEL.INVOICES (ID,INVOICE_ORDER,TRANSACTION_ID,INVOICE_NUMBER,BOOKING_FILE_NUMBER,DEPARTURE_DATE,ARRIVAL_DATE,EMPLOYEE_ID,COST_CENTER,COST_CENTER_DEPARTMENT,PASSENGER_NAME,SERVICE_TYPE,SERVICE_DESC,ROUTING,INTER_DOM,CHECK_IN,CHECK_OUT,NUMBER_OF_NIGHTS,NUMBER_OF_ROOMS,AIRLINE,ROOM_TYPE,SUPPLIER_NAME,NET_AMOUNT,OPERATION_FEES,TOTAL_AMOUNT,TICKET_NO,TRAVEL_FORM_NUMBER,DESCRIPTION,FROM_DATE,TO_DATE,UPLOADED_INVOICE_FILE_ID,EMPLOYEE_DEPARTMENT,INVOICE_DATE,DESTINATION,CITY,COUNTRY,TRIP_PURPOSE) values (6629,5,'28f8d6b7-c8fe-48eb-9e75-2ec2426f7ad7','123','123',to_date('15-MAR-15','DD-MON-RR'),to_date('20-MAR-15','DD-MON-RR'),'444555','35644','HR','Mohamed ahmed','CWT FEE','MEET AND GREET EMERGENCY','Cairo - Frankfurt','International',null,null,0,0,'Lufthansa',null,'German Visa',500,30,530,'65656433','223434','test from and to',null,null,287,'HR',to_date('24-MAR-15','DD-MON-RR'),'Destination','City','Country','Trip Purpose');
REM INSERTING into TRAVEL.INVOICES_TEMP
SET DEFINE OFF;
Insert into TRAVEL.INVOICES_TEMP (INVOICE_ORDER,TRANSACTION_ID,INVOICE_NUMBER,BOOKING_FILE_NUMBER,DEPARTURE_DATE,ARRIVAL_DATE,EMPLOYEE_ID,COST_CENTER,COST_CENTER_DEPARTMENT,PASSENGER_NAME,SERVICE_TYPE,SERVICE_DESC,ROUTING,INTER_DOM,CHECK_IN,CHECK_OUT,NUMBER_OF_NIGHTS,NUMBER_OF_ROOMS,AIRLINE,ROOM_TYPE,SUPPLIER_NAME,NET_AMOUNT,OPERATION_FEES,TOTAL_AMOUNT,TICKET_NO,TRAVEL_FORM_NUMBER,DESCRIPTION,FROM_DATE,TO_DATE,UPLOADED_INVOICE_FILE_ID,EMPLOYEE_DEPARTMENT,INVOICE_DATE,DESTINATION,CITY,COUNTRY,TRIP_PURPOSE,GENERAL_MANDATORY_VALID,INVOICE_DATE_RANGE_VALID,AIR_MANDATORY_VALID,OTHER_MANDATORY_VALID,INTER_DOM_VALID,NUMBER_OF_NIGHTS_VALID,TOTAL_AMOUNT_VALID,HOTEL_MANDATORY_VALID,SERVICE_TYPE_VALID,SERVICE_DESC_VALID,SUPPLIER_NAME_VALID,AIRLINE_VALID,ROOM_TYPE_VALID,INVOICE_NUMBER_VALID,RATES_COMBINATION_VALID) values (3,'e60cac90-6536-4844-becb-98d3bca1f541','123','123',to_date('15-MAR-15','DD-MON-RR'),to_date('20-MAR-15','DD-MON-RR'),'444555','35644','HR','Mohamed ahmed','Hotel','1 Person Room','Cairo - Frankfurt','International',to_date('15-MAR-15','DD-MON-RR'),to_date('20-MAR-15','DD-MON-RR'),6,1,null,'Single','Hilton',100000,0,100000,'65656433','223434','test hotel',to_date('15-MAR-15','DD-MON-RR'),to_date('20-MAR-15','DD-MON-RR'),305,'HR',to_date('24-MAR-15','DD-MON-RR'),'Destination','City','Country','Trip Purpose',1,1,1,1,1,1,1,1,1,1,1,1,1,0,1);
Insert into TRAVEL.INVOICES_TEMP (INVOICE_ORDER,TRANSACTION_ID,INVOICE_NUMBER,BOOKING_FILE_NUMBER,DEPARTURE_DATE,ARRIVAL_DATE,EMPLOYEE_ID,COST_CENTER,COST_CENTER_DEPARTMENT,PASSENGER_NAME,SERVICE_TYPE,SERVICE_DESC,ROUTING,INTER_DOM,CHECK_IN,CHECK_OUT,NUMBER_OF_NIGHTS,NUMBER_OF_ROOMS,AIRLINE,ROOM_TYPE,SUPPLIER_NAME,NET_AMOUNT,OPERATION_FEES,TOTAL_AMOUNT,TICKET_NO,TRAVEL_FORM_NUMBER,DESCRIPTION,FROM_DATE,TO_DATE,UPLOADED_INVOICE_FILE_ID,EMPLOYEE_DEPARTMENT,INVOICE_DATE,DESTINATION,CITY,COUNTRY,TRIP_PURPOSE,GENERAL_MANDATORY_VALID,INVOICE_DATE_RANGE_VALID,AIR_MANDATORY_VALID,OTHER_MANDATORY_VALID,INTER_DOM_VALID,NUMBER_OF_NIGHTS_VALID,TOTAL_AMOUNT_VALID,HOTEL_MANDATORY_VALID,SERVICE_TYPE_VALID,SERVICE_DESC_VALID,SUPPLIER_NAME_VALID,AIRLINE_VALID,ROOM_TYPE_VALID,INVOICE_NUMBER_VALID,RATES_COMBINATION_VALID) values (2,'e60cac90-6536-4844-becb-98d3bca1f541','123','123',to_date('15-MAR-15','DD-MON-RR'),to_date('20-MAR-15','DD-MON-RR'),'444555','35644','HR','Mohamed ahmed','CWT FEE','VISA/TRAVEL DOCUMENTATION','Cairo - Frankfurt','International',null,null,0,0,'Lufthansa',null,'German Visa',500,30,530,'65656433','223434','test visa',to_date('15-MAR-15','DD-MON-RR'),to_date('20-MAR-15','DD-MON-RR'),305,'HR',to_date('24-MAR-15','DD-MON-RR'),'Destination','City','Country','Trip Purpose',1,1,1,1,1,1,1,1,1,1,1,1,1,0,1);
Insert into TRAVEL.INVOICES_TEMP (INVOICE_ORDER,TRANSACTION_ID,INVOICE_NUMBER,BOOKING_FILE_NUMBER,DEPARTURE_DATE,ARRIVAL_DATE,EMPLOYEE_ID,COST_CENTER,COST_CENTER_DEPARTMENT,PASSENGER_NAME,SERVICE_TYPE,SERVICE_DESC,ROUTING,INTER_DOM,CHECK_IN,CHECK_OUT,NUMBER_OF_NIGHTS,NUMBER_OF_ROOMS,AIRLINE,ROOM_TYPE,SUPPLIER_NAME,NET_AMOUNT,OPERATION_FEES,TOTAL_AMOUNT,TICKET_NO,TRAVEL_FORM_NUMBER,DESCRIPTION,FROM_DATE,TO_DATE,UPLOADED_INVOICE_FILE_ID,EMPLOYEE_DEPARTMENT,INVOICE_DATE,DESTINATION,CITY,COUNTRY,TRIP_PURPOSE,GENERAL_MANDATORY_VALID,INVOICE_DATE_RANGE_VALID,AIR_MANDATORY_VALID,OTHER_MANDATORY_VALID,INTER_DOM_VALID,NUMBER_OF_NIGHTS_VALID,TOTAL_AMOUNT_VALID,HOTEL_MANDATORY_VALID,SERVICE_TYPE_VALID,SERVICE_DESC_VALID,SUPPLIER_NAME_VALID,AIRLINE_VALID,ROOM_TYPE_VALID,INVOICE_NUMBER_VALID,RATES_COMBINATION_VALID) values (4,'e60cac90-6536-4844-becb-98d3bca1f541','123','123',to_date('15-MAR-15','DD-MON-RR'),to_date('20-MAR-15','DD-MON-RR'),'444555','35644','HR','Mohamed ahmed','CWT FEE','MEET AND GREET','Cairo - Frankfurt','International',null,null,0,0,'Lufthansa',null,'German Visa',500,30,530,'65656433','223434','test from and to',to_date('15-MAR-15','DD-MON-RR'),null,305,'HR',to_date('24-MAR-15','DD-MON-RR'),'Destination','City','Country','Trip Purpose',1,1,1,1,1,1,1,1,1,1,1,1,1,0,1);
Insert into TRAVEL.INVOICES_TEMP (INVOICE_ORDER,TRANSACTION_ID,INVOICE_NUMBER,BOOKING_FILE_NUMBER,DEPARTURE_DATE,ARRIVAL_DATE,EMPLOYEE_ID,COST_CENTER,COST_CENTER_DEPARTMENT,PASSENGER_NAME,SERVICE_TYPE,SERVICE_DESC,ROUTING,INTER_DOM,CHECK_IN,CHECK_OUT,NUMBER_OF_NIGHTS,NUMBER_OF_ROOMS,AIRLINE,ROOM_TYPE,SUPPLIER_NAME,NET_AMOUNT,OPERATION_FEES,TOTAL_AMOUNT,TICKET_NO,TRAVEL_FORM_NUMBER,DESCRIPTION,FROM_DATE,TO_DATE,UPLOADED_INVOICE_FILE_ID,EMPLOYEE_DEPARTMENT,INVOICE_DATE,DESTINATION,CITY,COUNTRY,TRIP_PURPOSE,GENERAL_MANDATORY_VALID,INVOICE_DATE_RANGE_VALID,AIR_MANDATORY_VALID,OTHER_MANDATORY_VALID,INTER_DOM_VALID,NUMBER_OF_NIGHTS_VALID,TOTAL_AMOUNT_VALID,HOTEL_MANDATORY_VALID,SERVICE_TYPE_VALID,SERVICE_DESC_VALID,SUPPLIER_NAME_VALID,AIRLINE_VALID,ROOM_TYPE_VALID,INVOICE_NUMBER_VALID,RATES_COMBINATION_VALID) values (5,'e60cac90-6536-4844-becb-98d3bca1f541','123','123',to_date('15-MAR-15','DD-MON-RR'),to_date('20-MAR-15','DD-MON-RR'),'444555','35644','HR','Mohamed ahmed','CWT FEE_1','MEET AND GREET EMERGENCY','Cairo - Frankfurt','International_2',null,null,0,0,'Lufthansa_3',null,'German Visa_4',500,31,530,'65656433','223434','test from and to',null,null,305,'HR',to_date('24-MAR-15','DD-MON-RR'),'Destination','City','Country','Trip Purpose',1,1,1,0,0,1,0,1,0,0,0,1,1,0,0);
Insert into TRAVEL.INVOICES_TEMP (INVOICE_ORDER,TRANSACTION_ID,INVOICE_NUMBER,BOOKING_FILE_NUMBER,DEPARTURE_DATE,ARRIVAL_DATE,EMPLOYEE_ID,COST_CENTER,COST_CENTER_DEPARTMENT,PASSENGER_NAME,SERVICE_TYPE,SERVICE_DESC,ROUTING,INTER_DOM,CHECK_IN,CHECK_OUT,NUMBER_OF_NIGHTS,NUMBER_OF_ROOMS,AIRLINE,ROOM_TYPE,SUPPLIER_NAME,NET_AMOUNT,OPERATION_FEES,TOTAL_AMOUNT,TICKET_NO,TRAVEL_FORM_NUMBER,DESCRIPTION,FROM_DATE,TO_DATE,UPLOADED_INVOICE_FILE_ID,EMPLOYEE_DEPARTMENT,INVOICE_DATE,DESTINATION,CITY,COUNTRY,TRIP_PURPOSE,GENERAL_MANDATORY_VALID,INVOICE_DATE_RANGE_VALID,AIR_MANDATORY_VALID,OTHER_MANDATORY_VALID,INTER_DOM_VALID,NUMBER_OF_NIGHTS_VALID,TOTAL_AMOUNT_VALID,HOTEL_MANDATORY_VALID,SERVICE_TYPE_VALID,SERVICE_DESC_VALID,SUPPLIER_NAME_VALID,AIRLINE_VALID,ROOM_TYPE_VALID,INVOICE_NUMBER_VALID,RATES_COMBINATION_VALID) values (1,'e60cac90-6536-4844-becb-98d3bca1f541','123','123',to_date('15-MAR-15','DD-MON-RR'),to_date('20-MAR-15','DD-MON-RR'),'444555','35644','HR','Mohamed ahmed','Air','AIR TICKET DOMESTIC','Cairo - Frankfurt','International',null,null,null,null,'Lufthansa',null,'Lufthansa',500,30,530,'65656433','223434','test air ticket ',null,null,305,'HR',to_date('24-MAR-15','DD-MON-RR'),'Destination','City','Country','Trip Purpose',1,1,1,1,1,1,1,1,1,1,1,1,1,0,1);
REM INSERTING into TRAVEL.INVOICE_ATTACHMENT
SET DEFINE OFF;
Insert into TRAVEL.INVOICE_ATTACHMENT (ID,NAME,TYPE,MODIFICATION_DATE,SYSTEM_USER,UPLOADED_INVOICE_FILE_ID) values (101,'test.txt','text/plain',to_date('19-JUL-16','DD-MON-RR'),'syehia1',265);
REM INSERTING into TRAVEL.MAX_MIN_VALUES
SET DEFINE OFF;
Insert into TRAVEL.MAX_MIN_VALUES (ID,NAME,MAX_MIN_VALUE) values (1,'Visa Max Period',8);
Insert into TRAVEL.MAX_MIN_VALUES (ID,NAME,MAX_MIN_VALUE) values (2,'Medical Insurance Max Period',2);
Insert into TRAVEL.MAX_MIN_VALUES (ID,NAME,MAX_MIN_VALUE) values (3,'Airplane Ticket Max Price',490);
Insert into TRAVEL.MAX_MIN_VALUES (ID,NAME,MAX_MIN_VALUE) values (4,'Airplane Ticket Min Price',700);
REM INSERTING into TRAVEL.NOTIFICATION
SET DEFINE OFF;
REM INSERTING into TRAVEL.PRODUCT_TYPE
SET DEFINE OFF;
Insert into TRAVEL.PRODUCT_TYPE (ID,NAME,MODIFICATION_DATE,SYSTEM_USER,STATUS,DESCRIPTION,SERVICE_ID) values (2,'AIR TICKET DOMESTIC',to_date('13-JUL-16','DD-MON-RR'),'syehia1',1,null,1);
Insert into TRAVEL.PRODUCT_TYPE (ID,NAME,MODIFICATION_DATE,SYSTEM_USER,STATUS,DESCRIPTION,SERVICE_ID) values (3,'Medical Insurance',to_date('24-MAY-16','DD-MON-RR'),'syehia1',1,null,6);
Insert into TRAVEL.PRODUCT_TYPE (ID,NAME,MODIFICATION_DATE,SYSTEM_USER,STATUS,DESCRIPTION,SERVICE_ID) values (4,'VISA/TRAVEL DOCUMENTATION',to_date('24-MAY-16','DD-MON-RR'),'syehia1',1,null,3);
Insert into TRAVEL.PRODUCT_TYPE (ID,NAME,MODIFICATION_DATE,SYSTEM_USER,STATUS,DESCRIPTION,SERVICE_ID) values (21,'MEET AND GREET',to_date('18-JUL-16','DD-MON-RR'),'syehia1',1,null,3);
Insert into TRAVEL.PRODUCT_TYPE (ID,NAME,MODIFICATION_DATE,SYSTEM_USER,STATUS,DESCRIPTION,SERVICE_ID) values (22,'MEET AND GREET EMERGENCY',to_date('18-JUL-16','DD-MON-RR'),'syehia1',1,null,3);
Insert into TRAVEL.PRODUCT_TYPE (ID,NAME,MODIFICATION_DATE,SYSTEM_USER,STATUS,DESCRIPTION,SERVICE_ID) values (41,'Test Air',to_date('21-AUG-16','DD-MON-RR'),'syehia1',1,'Description',1);
Insert into TRAVEL.PRODUCT_TYPE (ID,NAME,MODIFICATION_DATE,SYSTEM_USER,STATUS,DESCRIPTION,SERVICE_ID) values (42,'AIR TICKET INTERNATIONAL',to_date('21-AUG-16','DD-MON-RR'),'helaska',1,'Description',1);
Insert into TRAVEL.PRODUCT_TYPE (ID,NAME,MODIFICATION_DATE,SYSTEM_USER,STATUS,DESCRIPTION,SERVICE_ID) values (1,'1 Person Room',to_date('24-MAY-16','DD-MON-RR'),'syehia1',1,null,4);
REM INSERTING into TRAVEL.RATES
SET DEFINE OFF;
Insert into TRAVEL.RATES (ID,SUPPLIER_PRODUCT_ID,RATE,ROOM_TYPE_ID,AIRLINE_ID,YEAR,MODIFICATION_DATE,SYSTEM_USER,STATUS,DESCRIPTION,ROUTING) values (2,2,2000,null,1,2015,to_date('24-MAY-16','DD-MON-RR'),'syehia1',1,null,'Cairo - Frankfurt');
Insert into TRAVEL.RATES (ID,SUPPLIER_PRODUCT_ID,RATE,ROOM_TYPE_ID,AIRLINE_ID,YEAR,MODIFICATION_DATE,SYSTEM_USER,STATUS,DESCRIPTION,ROUTING) values (3,3,200,null,null,2015,to_date('24-MAY-16','DD-MON-RR'),'syehia1',1,null,null);
Insert into TRAVEL.RATES (ID,SUPPLIER_PRODUCT_ID,RATE,ROOM_TYPE_ID,AIRLINE_ID,YEAR,MODIFICATION_DATE,SYSTEM_USER,STATUS,DESCRIPTION,ROUTING) values (4,4,500,null,null,2015,to_date('24-MAY-16','DD-MON-RR'),'syehia1',1,null,null);
Insert into TRAVEL.RATES (ID,SUPPLIER_PRODUCT_ID,RATE,ROOM_TYPE_ID,AIRLINE_ID,YEAR,MODIFICATION_DATE,SYSTEM_USER,STATUS,DESCRIPTION,ROUTING) values (5,1,530.5,1,null,2016,to_date('24-MAY-16','DD-MON-RR'),'syehia1',1,null,null);
Insert into TRAVEL.RATES (ID,SUPPLIER_PRODUCT_ID,RATE,ROOM_TYPE_ID,AIRLINE_ID,YEAR,MODIFICATION_DATE,SYSTEM_USER,STATUS,DESCRIPTION,ROUTING) values (6,2,2000,null,1,2016,to_date('24-MAY-16','DD-MON-RR'),'syehia1',1,null,'Cairo - Frankfurt');
Insert into TRAVEL.RATES (ID,SUPPLIER_PRODUCT_ID,RATE,ROOM_TYPE_ID,AIRLINE_ID,YEAR,MODIFICATION_DATE,SYSTEM_USER,STATUS,DESCRIPTION,ROUTING) values (7,3,200,null,null,2016,to_date('24-MAY-16','DD-MON-RR'),'syehia1',1,null,null);
Insert into TRAVEL.RATES (ID,SUPPLIER_PRODUCT_ID,RATE,ROOM_TYPE_ID,AIRLINE_ID,YEAR,MODIFICATION_DATE,SYSTEM_USER,STATUS,DESCRIPTION,ROUTING) values (1,1,530.5,1,null,2015,to_date('26-MAY-16','DD-MON-RR'),'syehia1',1,null,null);
Insert into TRAVEL.RATES (ID,SUPPLIER_PRODUCT_ID,RATE,ROOM_TYPE_ID,AIRLINE_ID,YEAR,MODIFICATION_DATE,SYSTEM_USER,STATUS,DESCRIPTION,ROUTING) values (8,4,500,null,null,2016,to_date('24-MAY-16','DD-MON-RR'),'syehia1',1,null,null);
Insert into TRAVEL.RATES (ID,SUPPLIER_PRODUCT_ID,RATE,ROOM_TYPE_ID,AIRLINE_ID,YEAR,MODIFICATION_DATE,SYSTEM_USER,STATUS,DESCRIPTION,ROUTING) values (80,1,530.5,1,null,2032,to_date('30-MAY-16','DD-MON-RR'),'syehia1',1,null,null);
Insert into TRAVEL.RATES (ID,SUPPLIER_PRODUCT_ID,RATE,ROOM_TYPE_ID,AIRLINE_ID,YEAR,MODIFICATION_DATE,SYSTEM_USER,STATUS,DESCRIPTION,ROUTING) values (81,2,2000,null,1,2032,to_date('30-MAY-16','DD-MON-RR'),'syehia1',1,null,'Cairo - Frankfurt');
Insert into TRAVEL.RATES (ID,SUPPLIER_PRODUCT_ID,RATE,ROOM_TYPE_ID,AIRLINE_ID,YEAR,MODIFICATION_DATE,SYSTEM_USER,STATUS,DESCRIPTION,ROUTING) values (82,3,200,null,null,2032,to_date('30-MAY-16','DD-MON-RR'),'syehia1',1,null,null);
Insert into TRAVEL.RATES (ID,SUPPLIER_PRODUCT_ID,RATE,ROOM_TYPE_ID,AIRLINE_ID,YEAR,MODIFICATION_DATE,SYSTEM_USER,STATUS,DESCRIPTION,ROUTING) values (83,4,500,null,null,2032,to_date('30-MAY-16','DD-MON-RR'),'syehia1',1,null,null);
Insert into TRAVEL.RATES (ID,SUPPLIER_PRODUCT_ID,RATE,ROOM_TYPE_ID,AIRLINE_ID,YEAR,MODIFICATION_DATE,SYSTEM_USER,STATUS,DESCRIPTION,ROUTING) values (101,21,134,null,null,2015,to_date('18-JUL-16','DD-MON-RR'),'syehia1',1,null,null);
Insert into TRAVEL.RATES (ID,SUPPLIER_PRODUCT_ID,RATE,ROOM_TYPE_ID,AIRLINE_ID,YEAR,MODIFICATION_DATE,SYSTEM_USER,STATUS,DESCRIPTION,ROUTING) values (102,22,123,null,null,2015,to_date('18-JUL-16','DD-MON-RR'),'syehia1',1,null,null);
Insert into TRAVEL.RATES (ID,SUPPLIER_PRODUCT_ID,RATE,ROOM_TYPE_ID,AIRLINE_ID,YEAR,MODIFICATION_DATE,SYSTEM_USER,STATUS,DESCRIPTION,ROUTING) values (121,41,100,null,22,2019,to_date('21-AUG-16','DD-MON-RR'),'helaska',1,'Dec','Egypt USA');
Insert into TRAVEL.RATES (ID,SUPPLIER_PRODUCT_ID,RATE,ROOM_TYPE_ID,AIRLINE_ID,YEAR,MODIFICATION_DATE,SYSTEM_USER,STATUS,DESCRIPTION,ROUTING) values (122,41,120,null,22,2020,to_date('21-AUG-16','DD-MON-RR'),'helaska',1,'Dec','Egypt USA');
REM INSERTING into TRAVEL.ROOM_TYPE
SET DEFINE OFF;
Insert into TRAVEL.ROOM_TYPE (ID,NAME,MODIFICATION_DATE,SYSTEM_USER,STATUS,DESCRIPTION) values (22,'Room Type Single',to_date('21-AUG-16','DD-MON-RR'),'helaska',1,'Decription');
Insert into TRAVEL.ROOM_TYPE (ID,NAME,MODIFICATION_DATE,SYSTEM_USER,STATUS,DESCRIPTION) values (1,'Single',to_date('24-MAY-16','DD-MON-RR'),'syehia1',1,null);
Insert into TRAVEL.ROOM_TYPE (ID,NAME,MODIFICATION_DATE,SYSTEM_USER,STATUS,DESCRIPTION) values (21,'Room Type',to_date('21-AUG-16','DD-MON-RR'),'syehia1',1,'Description');
REM INSERTING into TRAVEL.SERVICE_TYPE
SET DEFINE OFF;
Insert into TRAVEL.SERVICE_TYPE (ID,NAME) values (1,'Air');
Insert into TRAVEL.SERVICE_TYPE (ID,NAME) values (3,'CWT Fee');
Insert into TRAVEL.SERVICE_TYPE (ID,NAME) values (2,'Car');
Insert into TRAVEL.SERVICE_TYPE (ID,NAME) values (4,'Hotel');
Insert into TRAVEL.SERVICE_TYPE (ID,NAME) values (6,'Insurance');
Insert into TRAVEL.SERVICE_TYPE (ID,NAME) values (7,'Others');
Insert into TRAVEL.SERVICE_TYPE (ID,NAME) values (8,'Restaurant');
Insert into TRAVEL.SERVICE_TYPE (ID,NAME) values (5,'Tour');
REM INSERTING into TRAVEL.SUPPLIER
SET DEFINE OFF;
Insert into TRAVEL.SUPPLIER (ID,NAME,MODIFICATION_DATE,SYSTEM_USER,STATUS,DESCRIPTION) values (3,'Bupa',to_date('24-MAY-16','DD-MON-RR'),'syehia1',1,null);
Insert into TRAVEL.SUPPLIER (ID,NAME,MODIFICATION_DATE,SYSTEM_USER,STATUS,DESCRIPTION) values (4,'German Visa',to_date('24-MAY-16','DD-MON-RR'),'syehia1',1,null);
Insert into TRAVEL.SUPPLIER (ID,NAME,MODIFICATION_DATE,SYSTEM_USER,STATUS,DESCRIPTION) values (21,'Supplier Handover Name',to_date('21-AUG-16','DD-MON-RR'),'syehia1',1,'Description');
Insert into TRAVEL.SUPPLIER (ID,NAME,MODIFICATION_DATE,SYSTEM_USER,STATUS,DESCRIPTION) values (22,'Hilton Hotel',to_date('21-AUG-16','DD-MON-RR'),'helaska',1,'Description');
Insert into TRAVEL.SUPPLIER (ID,NAME,MODIFICATION_DATE,SYSTEM_USER,STATUS,DESCRIPTION) values (23,'Egypt Air',to_date('21-AUG-16','DD-MON-RR'),'helaska',1,null);
Insert into TRAVEL.SUPPLIER (ID,NAME,MODIFICATION_DATE,SYSTEM_USER,STATUS,DESCRIPTION) values (1,'Hilton',to_date('24-MAY-16','DD-MON-RR'),'syehia1',1,null);
Insert into TRAVEL.SUPPLIER (ID,NAME,MODIFICATION_DATE,SYSTEM_USER,STATUS,DESCRIPTION) values (2,'Lufthansa',to_date('24-MAY-16','DD-MON-RR'),'syehia1',1,null);
REM INSERTING into TRAVEL.SUPPLIER_PRODUCT
SET DEFINE OFF;
Insert into TRAVEL.SUPPLIER_PRODUCT (ID,SUPPLIER_ID,PRODUCT_ID,MODIFICATION_DATE,SYSTEM_USER,STATUS,DESCRIPTION) values (3,3,3,to_date('24-MAY-16','DD-MON-RR'),'syehia1',1,null);
Insert into TRAVEL.SUPPLIER_PRODUCT (ID,SUPPLIER_ID,PRODUCT_ID,MODIFICATION_DATE,SYSTEM_USER,STATUS,DESCRIPTION) values (4,4,4,to_date('24-MAY-16','DD-MON-RR'),'syehia1',1,null);
Insert into TRAVEL.SUPPLIER_PRODUCT (ID,SUPPLIER_ID,PRODUCT_ID,MODIFICATION_DATE,SYSTEM_USER,STATUS,DESCRIPTION) values (21,4,21,to_date('18-JUL-16','DD-MON-RR'),'syehia1',1,'ds');
Insert into TRAVEL.SUPPLIER_PRODUCT (ID,SUPPLIER_ID,PRODUCT_ID,MODIFICATION_DATE,SYSTEM_USER,STATUS,DESCRIPTION) values (22,4,22,to_date('18-JUL-16','DD-MON-RR'),'syehia1',1,null);
Insert into TRAVEL.SUPPLIER_PRODUCT (ID,SUPPLIER_ID,PRODUCT_ID,MODIFICATION_DATE,SYSTEM_USER,STATUS,DESCRIPTION) values (41,23,42,to_date('21-AUG-16','DD-MON-RR'),'helaska',1,'Desription');
Insert into TRAVEL.SUPPLIER_PRODUCT (ID,SUPPLIER_ID,PRODUCT_ID,MODIFICATION_DATE,SYSTEM_USER,STATUS,DESCRIPTION) values (42,22,1,to_date('21-AUG-16','DD-MON-RR'),'helaska',1,null);
Insert into TRAVEL.SUPPLIER_PRODUCT (ID,SUPPLIER_ID,PRODUCT_ID,MODIFICATION_DATE,SYSTEM_USER,STATUS,DESCRIPTION) values (1,1,1,to_date('24-MAY-16','DD-MON-RR'),'syehia1',1,null);
Insert into TRAVEL.SUPPLIER_PRODUCT (ID,SUPPLIER_ID,PRODUCT_ID,MODIFICATION_DATE,SYSTEM_USER,STATUS,DESCRIPTION) values (2,2,2,to_date('24-MAY-16','DD-MON-RR'),'syehia1',1,null);
REM INSERTING into TRAVEL.SYSTEM_SCREENS
SET DEFINE OFF;
Insert into TRAVEL.SYSTEM_SCREENS (SCREEN_ID,SCREEN_NAME,SCREEN_URL,CATEGORY_ID,SCREEN_ORDER) values (1,'Upload Invoices ','travelmanagementsystem/invoiceexcelsheet.xhtml',2,1);
Insert into TRAVEL.SYSTEM_SCREENS (SCREEN_ID,SCREEN_NAME,SCREEN_URL,CATEGORY_ID,SCREEN_ORDER) values (2,'Errors In Request','travelmanagementsystem/errorsinrequest.xhtml',2,2);
Insert into TRAVEL.SYSTEM_SCREENS (SCREEN_ID,SCREEN_NAME,SCREEN_URL,CATEGORY_ID,SCREEN_ORDER) values (3,'Approve/Reject','travelmanagementsystem/noactiontakenrequest.xhtml',2,3);
Insert into TRAVEL.SYSTEM_SCREENS (SCREEN_ID,SCREEN_NAME,SCREEN_URL,CATEGORY_ID,SCREEN_ORDER) values (4,'Products Management','administration/productlist.xhtml',1,3);
Insert into TRAVEL.SYSTEM_SCREENS (SCREEN_ID,SCREEN_NAME,SCREEN_URL,CATEGORY_ID,SCREEN_ORDER) values (5,'Suppliers Management','administration/supplierlist.xhtml',1,4);
Insert into TRAVEL.SYSTEM_SCREENS (SCREEN_ID,SCREEN_NAME,SCREEN_URL,CATEGORY_ID,SCREEN_ORDER) values (6,'Airlines Management','administration/airlinelist.xhtml',1,5);
Insert into TRAVEL.SYSTEM_SCREENS (SCREEN_ID,SCREEN_NAME,SCREEN_URL,CATEGORY_ID,SCREEN_ORDER) values (7,'Room Type Management','administration/roomtypelist.xhtml',1,4);
Insert into TRAVEL.SYSTEM_SCREENS (SCREEN_ID,SCREEN_NAME,SCREEN_URL,CATEGORY_ID,SCREEN_ORDER) values (8,'User Management','administration/tmsuserlist.xhtml',1,1);
Insert into TRAVEL.SYSTEM_SCREENS (SCREEN_ID,SCREEN_NAME,SCREEN_URL,CATEGORY_ID,SCREEN_ORDER) values (9,'Product Supplier Management','administration/productsupplierlist.xhtml',1,6);
Insert into TRAVEL.SYSTEM_SCREENS (SCREEN_ID,SCREEN_NAME,SCREEN_URL,CATEGORY_ID,SCREEN_ORDER) values (10,'Invoice Report','reports/invoicereport.xhtml',3,1);
Insert into TRAVEL.SYSTEM_SCREENS (SCREEN_ID,SCREEN_NAME,SCREEN_URL,CATEGORY_ID,SCREEN_ORDER) values (11,'Rejected Invoice Report','reports/rejectedinvoicereport.xhtml',3,2);
Insert into TRAVEL.SYSTEM_SCREENS (SCREEN_ID,SCREEN_NAME,SCREEN_URL,CATEGORY_ID,SCREEN_ORDER) values (12,'Rates Management','administration/rateslist.xhtml',1,7);
Insert into TRAVEL.SYSTEM_SCREENS (SCREEN_ID,SCREEN_NAME,SCREEN_URL,CATEGORY_ID,SCREEN_ORDER) values (13,'Max and Min','administration/maxminvalues.xhtml',1,8);
Insert into TRAVEL.SYSTEM_SCREENS (SCREEN_ID,SCREEN_NAME,SCREEN_URL,CATEGORY_ID,SCREEN_ORDER) values (14,'Annual Rate Comparison Report','reports/annualRateComparisonReport.xhtml',3,3);
Insert into TRAVEL.SYSTEM_SCREENS (SCREEN_ID,SCREEN_NAME,SCREEN_URL,CATEGORY_ID,SCREEN_ORDER) values (15,'Product Comparison Report','reports/productComparisonReport.xhtml',3,4);
Insert into TRAVEL.SYSTEM_SCREENS (SCREEN_ID,SCREEN_NAME,SCREEN_URL,CATEGORY_ID,SCREEN_ORDER) values (16,'Download Invoice Template','administration/downloadInvoiceTemplate.xhtml',1,9);
Insert into TRAVEL.SYSTEM_SCREENS (SCREEN_ID,SCREEN_NAME,SCREEN_URL,CATEGORY_ID,SCREEN_ORDER) values (17,'Rates Comparison Report','reports/ratesComparisonReport.xhtml',3,5);
Insert into TRAVEL.SYSTEM_SCREENS (SCREEN_ID,SCREEN_NAME,SCREEN_URL,CATEGORY_ID,SCREEN_ORDER) values (18,'Invoices Comparison Report','reports/invoicesComparisonReport.xhtml',3,6);
Insert into TRAVEL.SYSTEM_SCREENS (SCREEN_ID,SCREEN_NAME,SCREEN_URL,CATEGORY_ID,SCREEN_ORDER) values (19,'Clone Rates','administration/ratesclonersingle.xhtml',1,10);
Insert into TRAVEL.SYSTEM_SCREENS (SCREEN_ID,SCREEN_NAME,SCREEN_URL,CATEGORY_ID,SCREEN_ORDER) values (20,'User Privilege','administration/tmsuserprivileges.xhtml',1,2);
REM INSERTING into TRAVEL.TMS_USER
SET DEFINE OFF;
Insert into TRAVEL.TMS_USER (EMPLOYEE_ID,FULLNAME,ACCOUNTNAME,EMAIL,PHONE,DEPARTMENT,COSTCENTER,COMMENTS,EMPLOYEE_TYPE,STATUS,STAFFID) values (43,'Sara Yehia','syehia1','vftestmails@gmail.com','1003013014','Technology','244',null,'Vodafone Travel Team ',1,3144);
Insert into TRAVEL.TMS_USER (EMPLOYEE_ID,FULLNAME,ACCOUNTNAME,EMAIL,PHONE,DEPARTMENT,COSTCENTER,COMMENTS,EMPLOYEE_TYPE,STATUS,STAFFID) values (1,'Mahmoud ElRefaee','mrefaee','vftestmails@gmail.com','1005366333','Technology','221',null,'Vodafone Travel Team ',1,1234);
Insert into TRAVEL.TMS_USER (EMPLOYEE_ID,FULLNAME,ACCOUNTNAME,EMAIL,PHONE,DEPARTMENT,COSTCENTER,COMMENTS,EMPLOYEE_TYPE,STATUS,STAFFID) values (2,'Mohamed Ghannam','mghanna','vftestmails@gmail.com','1001101201','Technology','244','Comment','Vodafone Travel Team ',1,99);
Insert into TRAVEL.TMS_USER (EMPLOYEE_ID,FULLNAME,ACCOUNTNAME,EMAIL,PHONE,DEPARTMENT,COSTCENTER,COMMENTS,EMPLOYEE_TYPE,STATUS,STAFFID) values (3,'Hala Elaskary','helaska','vftestmails@gmail.com','1005808743','Technology','243','Comment ','Travel Agent ',1,123);
REM INSERTING into TRAVEL.UPLOADED_INVOICE_FILE
SET DEFINE OFF;
Insert into TRAVEL.UPLOADED_INVOICE_FILE (ID,NAME,TYPE,MODIFICATION_DATE,SYSTEM_USER,APPROVED,REJECTION_REASON,ACTION_TAKER,ACTION_TAKEN_DATE,TEMPLATE_TABLE,INVOICES_MONTH) values (219,'dddtt.xlsx','application/vnd.openxmlformats-officedocument.spreadsheetml.sheet',to_date('13-JUL-16','DD-MON-RR'),'syehia1',0,'uy','syehia1',to_date('13-JUL-16','DD-MON-RR'),0,'03/2015');
Insert into TRAVEL.UPLOADED_INVOICE_FILE (ID,NAME,TYPE,MODIFICATION_DATE,SYSTEM_USER,APPROVED,REJECTION_REASON,ACTION_TAKER,ACTION_TAKEN_DATE,TEMPLATE_TABLE,INVOICES_MONTH) values (220,'dddtt.xlsx','application/vnd.openxmlformats-officedocument.spreadsheetml.sheet',to_date('13-JUL-16','DD-MON-RR'),'syehia1',0,'das','syehia1',to_date('13-JUL-16','DD-MON-RR'),0,'03/2015');
Insert into TRAVEL.UPLOADED_INVOICE_FILE (ID,NAME,TYPE,MODIFICATION_DATE,SYSTEM_USER,APPROVED,REJECTION_REASON,ACTION_TAKER,ACTION_TAKEN_DATE,TEMPLATE_TABLE,INVOICES_MONTH) values (218,'dddtt.xlsx','application/vnd.openxmlformats-officedocument.spreadsheetml.sheet',to_date('13-JUL-16','DD-MON-RR'),'syehia1',0,'fdslkj','syehia1',to_date('13-JUL-16','DD-MON-RR'),0,'03/2015');
Insert into TRAVEL.UPLOADED_INVOICE_FILE (ID,NAME,TYPE,MODIFICATION_DATE,SYSTEM_USER,APPROVED,REJECTION_REASON,ACTION_TAKER,ACTION_TAKEN_DATE,TEMPLATE_TABLE,INVOICES_MONTH) values (221,'dddtt.xlsx','application/vnd.openxmlformats-officedocument.spreadsheetml.sheet',to_date('13-JUL-16','DD-MON-RR'),'syehia1',0,'dask','syehia1',to_date('13-JUL-16','DD-MON-RR'),0,'03/2015');
Insert into TRAVEL.UPLOADED_INVOICE_FILE (ID,NAME,TYPE,MODIFICATION_DATE,SYSTEM_USER,APPROVED,REJECTION_REASON,ACTION_TAKER,ACTION_TAKEN_DATE,TEMPLATE_TABLE,INVOICES_MONTH) values (222,'dddtt.xlsx','application/vnd.openxmlformats-officedocument.spreadsheetml.sheet',to_date('13-JUL-16','DD-MON-RR'),'syehia1',0,'dsa','syehia1',to_date('13-JUL-16','DD-MON-RR'),0,'03/2015');
Insert into TRAVEL.UPLOADED_INVOICE_FILE (ID,NAME,TYPE,MODIFICATION_DATE,SYSTEM_USER,APPROVED,REJECTION_REASON,ACTION_TAKER,ACTION_TAKEN_DATE,TEMPLATE_TABLE,INVOICES_MONTH) values (223,'dddtt.xlsx','application/vnd.openxmlformats-officedocument.spreadsheetml.sheet',to_date('13-JUL-16','DD-MON-RR'),'syehia1',0,'dslakj','syehia1',to_date('13-JUL-16','DD-MON-RR'),0,'03/2015');
Insert into TRAVEL.UPLOADED_INVOICE_FILE (ID,NAME,TYPE,MODIFICATION_DATE,SYSTEM_USER,APPROVED,REJECTION_REASON,ACTION_TAKER,ACTION_TAKEN_DATE,TEMPLATE_TABLE,INVOICES_MONTH) values (224,'dddtt.xlsx','application/vnd.openxmlformats-officedocument.spreadsheetml.sheet',to_date('13-JUL-16','DD-MON-RR'),'syehia1',0,'daksj','syehia1',to_date('14-JUL-16','DD-MON-RR'),0,'03/2015');
Insert into TRAVEL.UPLOADED_INVOICE_FILE (ID,NAME,TYPE,MODIFICATION_DATE,SYSTEM_USER,APPROVED,REJECTION_REASON,ACTION_TAKER,ACTION_TAKEN_DATE,TEMPLATE_TABLE,INVOICES_MONTH) values (225,'dddtt.xlsx','application/vnd.openxmlformats-officedocument.spreadsheetml.sheet',to_date('14-JUL-16','DD-MON-RR'),'syehia1',0,'daskhj','syehia1',to_date('14-JUL-16','DD-MON-RR'),0,'03/2015');
Insert into TRAVEL.UPLOADED_INVOICE_FILE (ID,NAME,TYPE,MODIFICATION_DATE,SYSTEM_USER,APPROVED,REJECTION_REASON,ACTION_TAKER,ACTION_TAKEN_DATE,TEMPLATE_TABLE,INVOICES_MONTH) values (226,'dddtt.xlsx','application/vnd.openxmlformats-officedocument.spreadsheetml.sheet',to_date('14-JUL-16','DD-MON-RR'),'syehia1',0,'daslkj','syehia1',to_date('18-JUL-16','DD-MON-RR'),0,'03/2015');
Insert into TRAVEL.UPLOADED_INVOICE_FILE (ID,NAME,TYPE,MODIFICATION_DATE,SYSTEM_USER,APPROVED,REJECTION_REASON,ACTION_TAKER,ACTION_TAKEN_DATE,TEMPLATE_TABLE,INVOICES_MONTH) values (245,'dddtt.xlsx','application/vnd.openxmlformats-officedocument.spreadsheetml.sheet',to_date('18-JUL-16','DD-MON-RR'),'syehia1',0,'dsa','syehia1',to_date('18-JUL-16','DD-MON-RR'),0,'03/2015');
Insert into TRAVEL.UPLOADED_INVOICE_FILE (ID,NAME,TYPE,MODIFICATION_DATE,SYSTEM_USER,APPROVED,REJECTION_REASON,ACTION_TAKER,ACTION_TAKEN_DATE,TEMPLATE_TABLE,INVOICES_MONTH) values (246,'dddtt.xlsx','application/vnd.openxmlformats-officedocument.spreadsheetml.sheet',to_date('18-JUL-16','DD-MON-RR'),'syehia1',0,'dsakhj','syehia1',to_date('19-JUL-16','DD-MON-RR'),0,'03/2016');
Insert into TRAVEL.UPLOADED_INVOICE_FILE (ID,NAME,TYPE,MODIFICATION_DATE,SYSTEM_USER,APPROVED,REJECTION_REASON,ACTION_TAKER,ACTION_TAKEN_DATE,TEMPLATE_TABLE,INVOICES_MONTH) values (265,'dddtt.xlsx','application/vnd.openxmlformats-officedocument.spreadsheetml.sheet',to_date('19-JUL-16','DD-MON-RR'),'syehia1',0,'das','syehia1',to_date('21-AUG-16','DD-MON-RR'),0,'03/2015');
Insert into TRAVEL.UPLOADED_INVOICE_FILE (ID,NAME,TYPE,MODIFICATION_DATE,SYSTEM_USER,APPROVED,REJECTION_REASON,ACTION_TAKER,ACTION_TAKEN_DATE,TEMPLATE_TABLE,INVOICES_MONTH) values (285,'Invoice_Mar_2015.xlsx','application/vnd.openxmlformats-officedocument.spreadsheetml.sheet',to_date('21-AUG-16','DD-MON-RR'),'syehia1',0,'Description','syehia1',to_date('21-AUG-16','DD-MON-RR'),0,'03/2015');
Insert into TRAVEL.UPLOADED_INVOICE_FILE (ID,NAME,TYPE,MODIFICATION_DATE,SYSTEM_USER,APPROVED,REJECTION_REASON,ACTION_TAKER,ACTION_TAKEN_DATE,TEMPLATE_TABLE,INVOICES_MONTH) values (286,'Invoice_Mar_2015.xlsx','application/vnd.openxmlformats-officedocument.spreadsheetml.sheet',to_date('21-AUG-16','DD-MON-RR'),'helaska',0,'Reason Rejection','syehia1',to_date('21-AUG-16','DD-MON-RR'),0,'03/2016');
Insert into TRAVEL.UPLOADED_INVOICE_FILE (ID,NAME,TYPE,MODIFICATION_DATE,SYSTEM_USER,APPROVED,REJECTION_REASON,ACTION_TAKER,ACTION_TAKEN_DATE,TEMPLATE_TABLE,INVOICES_MONTH) values (287,'Invoice_Mar_2015.xlsx','application/vnd.openxmlformats-officedocument.spreadsheetml.sheet',to_date('21-AUG-16','DD-MON-RR'),'helaska',1,null,'syehia1',to_date('21-AUG-16','DD-MON-RR'),0,'03/2017');
Insert into TRAVEL.UPLOADED_INVOICE_FILE (ID,NAME,TYPE,MODIFICATION_DATE,SYSTEM_USER,APPROVED,REJECTION_REASON,ACTION_TAKER,ACTION_TAKEN_DATE,TEMPLATE_TABLE,INVOICES_MONTH) values (305,'Invoice_Mar_2015_Error.xlsx','application/vnd.openxmlformats-officedocument.spreadsheetml.sheet',to_date('23-AUG-16','DD-MON-RR'),'syehia1',null,null,null,null,1,'03/2015');
REM INSERTING into TRAVEL.USERSCREENS
SET DEFINE OFF;
Insert into TRAVEL.USERSCREENS (EMPLOYEE_ID,SCREEN_ID,ADDMODE,EDITMODE,DELETEMODE,ID,VIEWMODE) values (43,1,1,1,1,1,1);
Insert into TRAVEL.USERSCREENS (EMPLOYEE_ID,SCREEN_ID,ADDMODE,EDITMODE,DELETEMODE,ID,VIEWMODE) values (43,2,1,1,1,2,1);
Insert into TRAVEL.USERSCREENS (EMPLOYEE_ID,SCREEN_ID,ADDMODE,EDITMODE,DELETEMODE,ID,VIEWMODE) values (43,3,1,1,1,3,1);
Insert into TRAVEL.USERSCREENS (EMPLOYEE_ID,SCREEN_ID,ADDMODE,EDITMODE,DELETEMODE,ID,VIEWMODE) values (43,4,1,1,1,4,1);
Insert into TRAVEL.USERSCREENS (EMPLOYEE_ID,SCREEN_ID,ADDMODE,EDITMODE,DELETEMODE,ID,VIEWMODE) values (43,5,1,1,1,5,1);
Insert into TRAVEL.USERSCREENS (EMPLOYEE_ID,SCREEN_ID,ADDMODE,EDITMODE,DELETEMODE,ID,VIEWMODE) values (43,6,1,1,1,6,1);
Insert into TRAVEL.USERSCREENS (EMPLOYEE_ID,SCREEN_ID,ADDMODE,EDITMODE,DELETEMODE,ID,VIEWMODE) values (43,7,1,1,1,7,1);
Insert into TRAVEL.USERSCREENS (EMPLOYEE_ID,SCREEN_ID,ADDMODE,EDITMODE,DELETEMODE,ID,VIEWMODE) values (43,8,1,1,1,8,1);
Insert into TRAVEL.USERSCREENS (EMPLOYEE_ID,SCREEN_ID,ADDMODE,EDITMODE,DELETEMODE,ID,VIEWMODE) values (43,9,1,1,1,9,1);
Insert into TRAVEL.USERSCREENS (EMPLOYEE_ID,SCREEN_ID,ADDMODE,EDITMODE,DELETEMODE,ID,VIEWMODE) values (43,10,1,1,1,10,1);
Insert into TRAVEL.USERSCREENS (EMPLOYEE_ID,SCREEN_ID,ADDMODE,EDITMODE,DELETEMODE,ID,VIEWMODE) values (43,11,1,1,1,11,1);
Insert into TRAVEL.USERSCREENS (EMPLOYEE_ID,SCREEN_ID,ADDMODE,EDITMODE,DELETEMODE,ID,VIEWMODE) values (43,17,1,1,1,118,1);
Insert into TRAVEL.USERSCREENS (EMPLOYEE_ID,SCREEN_ID,ADDMODE,EDITMODE,DELETEMODE,ID,VIEWMODE) values (43,14,1,1,1,14,1);
Insert into TRAVEL.USERSCREENS (EMPLOYEE_ID,SCREEN_ID,ADDMODE,EDITMODE,DELETEMODE,ID,VIEWMODE) values (43,13,1,1,1,13,1);
Insert into TRAVEL.USERSCREENS (EMPLOYEE_ID,SCREEN_ID,ADDMODE,EDITMODE,DELETEMODE,ID,VIEWMODE) values (43,15,1,1,1,15,1);
Insert into TRAVEL.USERSCREENS (EMPLOYEE_ID,SCREEN_ID,ADDMODE,EDITMODE,DELETEMODE,ID,VIEWMODE) values (43,16,1,1,1,100,1);
Insert into TRAVEL.USERSCREENS (EMPLOYEE_ID,SCREEN_ID,ADDMODE,EDITMODE,DELETEMODE,ID,VIEWMODE) values (1,15,1,1,1,101,1);
Insert into TRAVEL.USERSCREENS (EMPLOYEE_ID,SCREEN_ID,ADDMODE,EDITMODE,DELETEMODE,ID,VIEWMODE) values (1,5,1,1,1,102,1);
Insert into TRAVEL.USERSCREENS (EMPLOYEE_ID,SCREEN_ID,ADDMODE,EDITMODE,DELETEMODE,ID,VIEWMODE) values (1,8,1,1,1,103,1);
Insert into TRAVEL.USERSCREENS (EMPLOYEE_ID,SCREEN_ID,ADDMODE,EDITMODE,DELETEMODE,ID,VIEWMODE) values (1,3,1,1,1,104,1);
Insert into TRAVEL.USERSCREENS (EMPLOYEE_ID,SCREEN_ID,ADDMODE,EDITMODE,DELETEMODE,ID,VIEWMODE) values (1,12,1,1,1,105,1);
Insert into TRAVEL.USERSCREENS (EMPLOYEE_ID,SCREEN_ID,ADDMODE,EDITMODE,DELETEMODE,ID,VIEWMODE) values (1,10,1,1,1,106,1);
Insert into TRAVEL.USERSCREENS (EMPLOYEE_ID,SCREEN_ID,ADDMODE,EDITMODE,DELETEMODE,ID,VIEWMODE) values (1,7,1,1,1,107,1);
Insert into TRAVEL.USERSCREENS (EMPLOYEE_ID,SCREEN_ID,ADDMODE,EDITMODE,DELETEMODE,ID,VIEWMODE) values (1,4,1,1,1,108,1);
Insert into TRAVEL.USERSCREENS (EMPLOYEE_ID,SCREEN_ID,ADDMODE,EDITMODE,DELETEMODE,ID,VIEWMODE) values (1,14,1,1,1,109,1);
Insert into TRAVEL.USERSCREENS (EMPLOYEE_ID,SCREEN_ID,ADDMODE,EDITMODE,DELETEMODE,ID,VIEWMODE) values (1,16,1,1,1,110,1);
Insert into TRAVEL.USERSCREENS (EMPLOYEE_ID,SCREEN_ID,ADDMODE,EDITMODE,DELETEMODE,ID,VIEWMODE) values (1,9,1,1,1,111,1);
Insert into TRAVEL.USERSCREENS (EMPLOYEE_ID,SCREEN_ID,ADDMODE,EDITMODE,DELETEMODE,ID,VIEWMODE) values (1,13,1,1,1,112,1);
Insert into TRAVEL.USERSCREENS (EMPLOYEE_ID,SCREEN_ID,ADDMODE,EDITMODE,DELETEMODE,ID,VIEWMODE) values (1,1,1,1,1,113,1);
Insert into TRAVEL.USERSCREENS (EMPLOYEE_ID,SCREEN_ID,ADDMODE,EDITMODE,DELETEMODE,ID,VIEWMODE) values (1,2,1,1,1,114,1);
Insert into TRAVEL.USERSCREENS (EMPLOYEE_ID,SCREEN_ID,ADDMODE,EDITMODE,DELETEMODE,ID,VIEWMODE) values (1,11,1,1,1,115,1);
Insert into TRAVEL.USERSCREENS (EMPLOYEE_ID,SCREEN_ID,ADDMODE,EDITMODE,DELETEMODE,ID,VIEWMODE) values (1,6,1,1,1,116,1);
Insert into TRAVEL.USERSCREENS (EMPLOYEE_ID,SCREEN_ID,ADDMODE,EDITMODE,DELETEMODE,ID,VIEWMODE) values (43,12,1,1,1,117,1);
Insert into TRAVEL.USERSCREENS (EMPLOYEE_ID,SCREEN_ID,ADDMODE,EDITMODE,DELETEMODE,ID,VIEWMODE) values (43,18,1,1,1,119,1);
Insert into TRAVEL.USERSCREENS (EMPLOYEE_ID,SCREEN_ID,ADDMODE,EDITMODE,DELETEMODE,ID,VIEWMODE) values (43,19,1,1,1,120,1);
Insert into TRAVEL.USERSCREENS (EMPLOYEE_ID,SCREEN_ID,ADDMODE,EDITMODE,DELETEMODE,ID,VIEWMODE) values (43,20,1,1,1,121,1);
Insert into TRAVEL.USERSCREENS (EMPLOYEE_ID,SCREEN_ID,ADDMODE,EDITMODE,DELETEMODE,ID,VIEWMODE) values (2,5,1,1,1,142,1);
Insert into TRAVEL.USERSCREENS (EMPLOYEE_ID,SCREEN_ID,ADDMODE,EDITMODE,DELETEMODE,ID,VIEWMODE) values (2,8,1,1,1,123,1);
Insert into TRAVEL.USERSCREENS (EMPLOYEE_ID,SCREEN_ID,ADDMODE,EDITMODE,DELETEMODE,ID,VIEWMODE) values (2,3,1,1,1,124,1);
Insert into TRAVEL.USERSCREENS (EMPLOYEE_ID,SCREEN_ID,ADDMODE,EDITMODE,DELETEMODE,ID,VIEWMODE) values (2,15,1,1,1,125,1);
Insert into TRAVEL.USERSCREENS (EMPLOYEE_ID,SCREEN_ID,ADDMODE,EDITMODE,DELETEMODE,ID,VIEWMODE) values (2,12,1,1,1,126,1);
Insert into TRAVEL.USERSCREENS (EMPLOYEE_ID,SCREEN_ID,ADDMODE,EDITMODE,DELETEMODE,ID,VIEWMODE) values (2,19,1,1,1,127,1);
Insert into TRAVEL.USERSCREENS (EMPLOYEE_ID,SCREEN_ID,ADDMODE,EDITMODE,DELETEMODE,ID,VIEWMODE) values (2,10,1,1,1,128,1);
Insert into TRAVEL.USERSCREENS (EMPLOYEE_ID,SCREEN_ID,ADDMODE,EDITMODE,DELETEMODE,ID,VIEWMODE) values (2,17,1,1,1,129,1);
Insert into TRAVEL.USERSCREENS (EMPLOYEE_ID,SCREEN_ID,ADDMODE,EDITMODE,DELETEMODE,ID,VIEWMODE) values (2,18,1,1,1,130,1);
Insert into TRAVEL.USERSCREENS (EMPLOYEE_ID,SCREEN_ID,ADDMODE,EDITMODE,DELETEMODE,ID,VIEWMODE) values (2,7,1,1,1,131,1);
Insert into TRAVEL.USERSCREENS (EMPLOYEE_ID,SCREEN_ID,ADDMODE,EDITMODE,DELETEMODE,ID,VIEWMODE) values (2,4,1,1,1,132,1);
Insert into TRAVEL.USERSCREENS (EMPLOYEE_ID,SCREEN_ID,ADDMODE,EDITMODE,DELETEMODE,ID,VIEWMODE) values (2,14,1,1,1,133,1);
Insert into TRAVEL.USERSCREENS (EMPLOYEE_ID,SCREEN_ID,ADDMODE,EDITMODE,DELETEMODE,ID,VIEWMODE) values (2,16,1,1,1,134,1);
Insert into TRAVEL.USERSCREENS (EMPLOYEE_ID,SCREEN_ID,ADDMODE,EDITMODE,DELETEMODE,ID,VIEWMODE) values (2,9,1,1,1,135,1);
Insert into TRAVEL.USERSCREENS (EMPLOYEE_ID,SCREEN_ID,ADDMODE,EDITMODE,DELETEMODE,ID,VIEWMODE) values (2,13,1,1,1,136,1);
Insert into TRAVEL.USERSCREENS (EMPLOYEE_ID,SCREEN_ID,ADDMODE,EDITMODE,DELETEMODE,ID,VIEWMODE) values (2,1,1,1,1,137,1);
Insert into TRAVEL.USERSCREENS (EMPLOYEE_ID,SCREEN_ID,ADDMODE,EDITMODE,DELETEMODE,ID,VIEWMODE) values (2,20,1,1,1,138,1);
Insert into TRAVEL.USERSCREENS (EMPLOYEE_ID,SCREEN_ID,ADDMODE,EDITMODE,DELETEMODE,ID,VIEWMODE) values (2,2,1,1,1,139,1);
Insert into TRAVEL.USERSCREENS (EMPLOYEE_ID,SCREEN_ID,ADDMODE,EDITMODE,DELETEMODE,ID,VIEWMODE) values (2,11,1,1,1,140,1);
Insert into TRAVEL.USERSCREENS (EMPLOYEE_ID,SCREEN_ID,ADDMODE,EDITMODE,DELETEMODE,ID,VIEWMODE) values (2,6,1,1,1,141,1);
Insert into TRAVEL.USERSCREENS (EMPLOYEE_ID,SCREEN_ID,ADDMODE,EDITMODE,DELETEMODE,ID,VIEWMODE) values (3,5,1,1,1,143,1);
Insert into TRAVEL.USERSCREENS (EMPLOYEE_ID,SCREEN_ID,ADDMODE,EDITMODE,DELETEMODE,ID,VIEWMODE) values (3,12,1,1,1,147,1);
Insert into TRAVEL.USERSCREENS (EMPLOYEE_ID,SCREEN_ID,ADDMODE,EDITMODE,DELETEMODE,ID,VIEWMODE) values (3,19,1,1,1,148,1);
Insert into TRAVEL.USERSCREENS (EMPLOYEE_ID,SCREEN_ID,ADDMODE,EDITMODE,DELETEMODE,ID,VIEWMODE) values (3,7,1,1,1,152,1);
Insert into TRAVEL.USERSCREENS (EMPLOYEE_ID,SCREEN_ID,ADDMODE,EDITMODE,DELETEMODE,ID,VIEWMODE) values (3,4,1,1,1,153,1);
Insert into TRAVEL.USERSCREENS (EMPLOYEE_ID,SCREEN_ID,ADDMODE,EDITMODE,DELETEMODE,ID,VIEWMODE) values (3,16,1,1,1,155,1);
Insert into TRAVEL.USERSCREENS (EMPLOYEE_ID,SCREEN_ID,ADDMODE,EDITMODE,DELETEMODE,ID,VIEWMODE) values (3,9,1,1,1,156,1);
Insert into TRAVEL.USERSCREENS (EMPLOYEE_ID,SCREEN_ID,ADDMODE,EDITMODE,DELETEMODE,ID,VIEWMODE) values (3,13,1,1,1,157,1);
Insert into TRAVEL.USERSCREENS (EMPLOYEE_ID,SCREEN_ID,ADDMODE,EDITMODE,DELETEMODE,ID,VIEWMODE) values (3,1,1,1,1,158,1);
Insert into TRAVEL.USERSCREENS (EMPLOYEE_ID,SCREEN_ID,ADDMODE,EDITMODE,DELETEMODE,ID,VIEWMODE) values (3,2,1,1,1,160,1);
Insert into TRAVEL.USERSCREENS (EMPLOYEE_ID,SCREEN_ID,ADDMODE,EDITMODE,DELETEMODE,ID,VIEWMODE) values (3,6,1,1,1,162,1);
--------------------------------------------------------
--  DDL for Index SERVICE_PRODUCTNAME_UNIQUE
--------------------------------------------------------

  CREATE UNIQUE INDEX "TRAVEL"."SERVICE_PRODUCTNAME_UNIQUE" ON "TRAVEL"."PRODUCT_TYPE" ("SERVICE_ID", "NAME") 
  ;
--------------------------------------------------------
--  DDL for Index USERSCREENS_PK
--------------------------------------------------------

  CREATE UNIQUE INDEX "TRAVEL"."USERSCREENS_PK" ON "TRAVEL"."USERSCREENS" ("ID") 
  ;
--------------------------------------------------------
--  DDL for Index CATEGORY_PK
--------------------------------------------------------

  CREATE UNIQUE INDEX "TRAVEL"."CATEGORY_PK" ON "TRAVEL"."CATEGORY" ("CAT_ID") 
  ;
--------------------------------------------------------
--  DDL for Index MAX_MIN_VALUES_PK
--------------------------------------------------------

  CREATE UNIQUE INDEX "TRAVEL"."MAX_MIN_VALUES_PK" ON "TRAVEL"."MAX_MIN_VALUES" ("ID") 
  ;
--------------------------------------------------------
--  DDL for Index TMS_USER_PK
--------------------------------------------------------

  CREATE UNIQUE INDEX "TRAVEL"."TMS_USER_PK" ON "TRAVEL"."TMS_USER" ("EMPLOYEE_ID") 
  ;
--------------------------------------------------------
--  DDL for Index PRODUCT_SUPPIER_UNIQUE
--------------------------------------------------------

  CREATE UNIQUE INDEX "TRAVEL"."PRODUCT_SUPPIER_UNIQUE" ON "TRAVEL"."SUPPLIER_PRODUCT" ("PRODUCT_ID", "SUPPLIER_ID") 
  ;
--------------------------------------------------------
--  DDL for Index SYS_C0014231
--------------------------------------------------------

  CREATE UNIQUE INDEX "TRAVEL"."SYS_C0014231" ON "TRAVEL"."TMS_USER" ("STAFFID") 
  ;
--------------------------------------------------------
--  DDL for Index SYSTEM_SCREENS_PK
--------------------------------------------------------

  CREATE UNIQUE INDEX "TRAVEL"."SYSTEM_SCREENS_PK" ON "TRAVEL"."SYSTEM_SCREENS" ("SCREEN_ID") 
  ;
--------------------------------------------------------
--  DDL for Index INVOICES_PK
--------------------------------------------------------

  CREATE UNIQUE INDEX "TRAVEL"."INVOICES_PK" ON "TRAVEL"."INVOICES" ("ID") 
  ;
--------------------------------------------------------
--  DDL for Index CONFIG_PK
--------------------------------------------------------

  CREATE UNIQUE INDEX "TRAVEL"."CONFIG_PK" ON "TRAVEL"."CONFIG" ("CONFIG_ID") 
  ;
--------------------------------------------------------
--  DDL for Index NOTIFICATION_PK
--------------------------------------------------------

  CREATE UNIQUE INDEX "TRAVEL"."NOTIFICATION_PK" ON "TRAVEL"."NOTIFICATION" ("ID") 
  ;
--------------------------------------------------------
--  DDL for Index INVOICES_TEMP_PK
--------------------------------------------------------

  CREATE UNIQUE INDEX "TRAVEL"."INVOICES_TEMP_PK" ON "TRAVEL"."INVOICES_TEMP" ("INVOICE_ORDER", "TRANSACTION_ID") 
  ;
--------------------------------------------------------
--  DDL for Index MAX_MIN_VALUES_UK1
--------------------------------------------------------

  CREATE UNIQUE INDEX "TRAVEL"."MAX_MIN_VALUES_UK1" ON "TRAVEL"."MAX_MIN_VALUES" ("NAME") 
  ;
--------------------------------------------------------
--  Constraints for Table RATES
--------------------------------------------------------

  ALTER TABLE "TRAVEL"."RATES" ADD PRIMARY KEY ("ID") ENABLE;
  ALTER TABLE "TRAVEL"."RATES" MODIFY ("YEAR" NOT NULL ENABLE);
  ALTER TABLE "TRAVEL"."RATES" MODIFY ("RATE" NOT NULL ENABLE);
  ALTER TABLE "TRAVEL"."RATES" MODIFY ("SUPPLIER_PRODUCT_ID" NOT NULL ENABLE);
  ALTER TABLE "TRAVEL"."RATES" MODIFY ("ID" NOT NULL ENABLE);
--------------------------------------------------------
--  Constraints for Table SUPPLIER_PRODUCT
--------------------------------------------------------

  ALTER TABLE "TRAVEL"."SUPPLIER_PRODUCT" ADD CONSTRAINT "PRODUCT_SUPPIER_UNIQUE" UNIQUE ("PRODUCT_ID", "SUPPLIER_ID") ENABLE;
  ALTER TABLE "TRAVEL"."SUPPLIER_PRODUCT" ADD PRIMARY KEY ("ID") ENABLE;
  ALTER TABLE "TRAVEL"."SUPPLIER_PRODUCT" MODIFY ("PRODUCT_ID" NOT NULL ENABLE);
  ALTER TABLE "TRAVEL"."SUPPLIER_PRODUCT" MODIFY ("SUPPLIER_ID" NOT NULL ENABLE);
  ALTER TABLE "TRAVEL"."SUPPLIER_PRODUCT" MODIFY ("ID" NOT NULL ENABLE);
--------------------------------------------------------
--  Constraints for Table SYSTEM_SCREENS
--------------------------------------------------------

  ALTER TABLE "TRAVEL"."SYSTEM_SCREENS" ADD CONSTRAINT "SYSTEM_SCREENS_PK" PRIMARY KEY ("SCREEN_ID") ENABLE;
  ALTER TABLE "TRAVEL"."SYSTEM_SCREENS" MODIFY ("SCREEN_ID" NOT NULL ENABLE);
--------------------------------------------------------
--  Constraints for Table ROOM_TYPE
--------------------------------------------------------

  ALTER TABLE "TRAVEL"."ROOM_TYPE" ADD UNIQUE ("NAME") ENABLE;
  ALTER TABLE "TRAVEL"."ROOM_TYPE" ADD PRIMARY KEY ("ID") ENABLE;
  ALTER TABLE "TRAVEL"."ROOM_TYPE" MODIFY ("NAME" NOT NULL ENABLE);
  ALTER TABLE "TRAVEL"."ROOM_TYPE" MODIFY ("ID" NOT NULL ENABLE);
--------------------------------------------------------
--  Constraints for Table CATEGORY
--------------------------------------------------------

  ALTER TABLE "TRAVEL"."CATEGORY" ADD CONSTRAINT "CATEGORY_PK" PRIMARY KEY ("CAT_ID") ENABLE;
  ALTER TABLE "TRAVEL"."CATEGORY" MODIFY ("CAT_ID" NOT NULL ENABLE);
--------------------------------------------------------
--  Constraints for Table SUPPLIER
--------------------------------------------------------

  ALTER TABLE "TRAVEL"."SUPPLIER" ADD UNIQUE ("NAME") ENABLE;
  ALTER TABLE "TRAVEL"."SUPPLIER" ADD PRIMARY KEY ("ID") ENABLE;
  ALTER TABLE "TRAVEL"."SUPPLIER" MODIFY ("NAME" NOT NULL ENABLE);
  ALTER TABLE "TRAVEL"."SUPPLIER" MODIFY ("ID" NOT NULL ENABLE);
--------------------------------------------------------
--  Constraints for Table INVOICES
--------------------------------------------------------

  ALTER TABLE "TRAVEL"."INVOICES" ADD CONSTRAINT "INVOICES_PK" PRIMARY KEY ("ID") ENABLE;
  ALTER TABLE "TRAVEL"."INVOICES" MODIFY ("UPLOADED_INVOICE_FILE_ID" NOT NULL ENABLE);
  ALTER TABLE "TRAVEL"."INVOICES" MODIFY ("TRANSACTION_ID" NOT NULL ENABLE);
  ALTER TABLE "TRAVEL"."INVOICES" MODIFY ("INVOICE_ORDER" NOT NULL ENABLE);
  ALTER TABLE "TRAVEL"."INVOICES" MODIFY ("ID" NOT NULL ENABLE);
--------------------------------------------------------
--  Constraints for Table SERVICE_TYPE
--------------------------------------------------------

  ALTER TABLE "TRAVEL"."SERVICE_TYPE" ADD UNIQUE ("NAME") ENABLE;
  ALTER TABLE "TRAVEL"."SERVICE_TYPE" ADD PRIMARY KEY ("ID") ENABLE;
  ALTER TABLE "TRAVEL"."SERVICE_TYPE" MODIFY ("NAME" NOT NULL ENABLE);
  ALTER TABLE "TRAVEL"."SERVICE_TYPE" MODIFY ("ID" NOT NULL ENABLE);
--------------------------------------------------------
--  Constraints for Table CONFIG
--------------------------------------------------------

  ALTER TABLE "TRAVEL"."CONFIG" ADD CONSTRAINT "CONFIG_PK" PRIMARY KEY ("CONFIG_ID") ENABLE;
  ALTER TABLE "TRAVEL"."CONFIG" MODIFY ("CONFIG_ID" NOT NULL ENABLE);
--------------------------------------------------------
--  Constraints for Table NOTIFICATION
--------------------------------------------------------

  ALTER TABLE "TRAVEL"."NOTIFICATION" ADD CONSTRAINT "NOTIFICATION_PK" PRIMARY KEY ("ID") ENABLE;
  ALTER TABLE "TRAVEL"."NOTIFICATION" MODIFY ("ID" NOT NULL ENABLE);
--------------------------------------------------------
--  Constraints for Table INVOICE_ATTACHMENT
--------------------------------------------------------

  ALTER TABLE "TRAVEL"."INVOICE_ATTACHMENT" ADD PRIMARY KEY ("ID") ENABLE;
  ALTER TABLE "TRAVEL"."INVOICE_ATTACHMENT" MODIFY ("UPLOADED_INVOICE_FILE_ID" NOT NULL ENABLE);
  ALTER TABLE "TRAVEL"."INVOICE_ATTACHMENT" MODIFY ("TYPE" NOT NULL ENABLE);
  ALTER TABLE "TRAVEL"."INVOICE_ATTACHMENT" MODIFY ("CONTENT" NOT NULL ENABLE);
  ALTER TABLE "TRAVEL"."INVOICE_ATTACHMENT" MODIFY ("NAME" NOT NULL ENABLE);
  ALTER TABLE "TRAVEL"."INVOICE_ATTACHMENT" MODIFY ("ID" NOT NULL ENABLE);
--------------------------------------------------------
--  Constraints for Table USERSCREENS
--------------------------------------------------------

  ALTER TABLE "TRAVEL"."USERSCREENS" ADD CONSTRAINT "USERSCREENS_PK" PRIMARY KEY ("ID") ENABLE;
  ALTER TABLE "TRAVEL"."USERSCREENS" MODIFY ("ID" NOT NULL ENABLE);
  ALTER TABLE "TRAVEL"."USERSCREENS" MODIFY ("EMPLOYEE_ID" NOT NULL ENABLE);
--------------------------------------------------------
--  Constraints for Table TMS_USER
--------------------------------------------------------

  ALTER TABLE "TRAVEL"."TMS_USER" ADD UNIQUE ("STAFFID") ENABLE;
  ALTER TABLE "TRAVEL"."TMS_USER" ADD CONSTRAINT "TMS_USER_PK" PRIMARY KEY ("EMPLOYEE_ID") ENABLE;
  ALTER TABLE "TRAVEL"."TMS_USER" MODIFY ("STAFFID" NOT NULL ENABLE);
  ALTER TABLE "TRAVEL"."TMS_USER" MODIFY ("EMPLOYEE_ID" NOT NULL ENABLE);
--------------------------------------------------------
--  Constraints for Table PRODUCT_TYPE
--------------------------------------------------------

  ALTER TABLE "TRAVEL"."PRODUCT_TYPE" ADD CONSTRAINT "SERVICE_PRODUCTNAME_UNIQUE" UNIQUE ("SERVICE_ID", "NAME") ENABLE;
  ALTER TABLE "TRAVEL"."PRODUCT_TYPE" ADD PRIMARY KEY ("ID") ENABLE;
  ALTER TABLE "TRAVEL"."PRODUCT_TYPE" MODIFY ("SERVICE_ID" NOT NULL ENABLE);
  ALTER TABLE "TRAVEL"."PRODUCT_TYPE" MODIFY ("NAME" NOT NULL ENABLE);
  ALTER TABLE "TRAVEL"."PRODUCT_TYPE" MODIFY ("ID" NOT NULL ENABLE);
--------------------------------------------------------
--  Constraints for Table MAX_MIN_VALUES
--------------------------------------------------------

  ALTER TABLE "TRAVEL"."MAX_MIN_VALUES" ADD CONSTRAINT "MAX_MIN_VALUES_UK1" UNIQUE ("NAME") ENABLE;
  ALTER TABLE "TRAVEL"."MAX_MIN_VALUES" ADD CONSTRAINT "MAX_MIN_VALUES_PK" PRIMARY KEY ("ID") ENABLE;
  ALTER TABLE "TRAVEL"."MAX_MIN_VALUES" MODIFY ("ID" NOT NULL ENABLE);
--------------------------------------------------------
--  Constraints for Table AIRLINE
--------------------------------------------------------

  ALTER TABLE "TRAVEL"."AIRLINE" ADD UNIQUE ("NAME") ENABLE;
  ALTER TABLE "TRAVEL"."AIRLINE" ADD PRIMARY KEY ("ID") ENABLE;
  ALTER TABLE "TRAVEL"."AIRLINE" MODIFY ("NAME" NOT NULL ENABLE);
  ALTER TABLE "TRAVEL"."AIRLINE" MODIFY ("ID" NOT NULL ENABLE);
--------------------------------------------------------
--  Constraints for Table INVOICES_TEMP
--------------------------------------------------------

  ALTER TABLE "TRAVEL"."INVOICES_TEMP" ADD CONSTRAINT "INVOICES_TEMP_PK" PRIMARY KEY ("INVOICE_ORDER", "TRANSACTION_ID") ENABLE;
  ALTER TABLE "TRAVEL"."INVOICES_TEMP" MODIFY ("UPLOADED_INVOICE_FILE_ID" NOT NULL ENABLE);
  ALTER TABLE "TRAVEL"."INVOICES_TEMP" MODIFY ("TRANSACTION_ID" NOT NULL ENABLE);
  ALTER TABLE "TRAVEL"."INVOICES_TEMP" MODIFY ("INVOICE_ORDER" NOT NULL ENABLE);
--------------------------------------------------------
--  Constraints for Table UPLOADED_INVOICE_FILE
--------------------------------------------------------

  ALTER TABLE "TRAVEL"."UPLOADED_INVOICE_FILE" ADD PRIMARY KEY ("ID") ENABLE;
  ALTER TABLE "TRAVEL"."UPLOADED_INVOICE_FILE" MODIFY ("TYPE" NOT NULL ENABLE);
  ALTER TABLE "TRAVEL"."UPLOADED_INVOICE_FILE" MODIFY ("CONTENT" NOT NULL ENABLE);
  ALTER TABLE "TRAVEL"."UPLOADED_INVOICE_FILE" MODIFY ("NAME" NOT NULL ENABLE);
  ALTER TABLE "TRAVEL"."UPLOADED_INVOICE_FILE" MODIFY ("ID" NOT NULL ENABLE);
--------------------------------------------------------
--  Ref Constraints for Table INVOICES
--------------------------------------------------------

  ALTER TABLE "TRAVEL"."INVOICES" ADD CONSTRAINT "UPLOAD_FILE_FK_INVOICE" FOREIGN KEY ("UPLOADED_INVOICE_FILE_ID")
	  REFERENCES "TRAVEL"."UPLOADED_INVOICE_FILE" ("ID") ENABLE;
--------------------------------------------------------
--  Ref Constraints for Table INVOICES_TEMP
--------------------------------------------------------

  ALTER TABLE "TRAVEL"."INVOICES_TEMP" ADD CONSTRAINT "UPLOAD_FILE_FK_TEMP_INVOIC" FOREIGN KEY ("UPLOADED_INVOICE_FILE_ID")
	  REFERENCES "TRAVEL"."UPLOADED_INVOICE_FILE" ("ID") ENABLE;
--------------------------------------------------------
--  Ref Constraints for Table INVOICE_ATTACHMENT
--------------------------------------------------------

  ALTER TABLE "TRAVEL"."INVOICE_ATTACHMENT" ADD CONSTRAINT "UPLOAD_INVOICE_FILE_FK_ATTACH" FOREIGN KEY ("UPLOADED_INVOICE_FILE_ID")
	  REFERENCES "TRAVEL"."UPLOADED_INVOICE_FILE" ("ID") ENABLE;
--------------------------------------------------------
--  Ref Constraints for Table PRODUCT_TYPE
--------------------------------------------------------

  ALTER TABLE "TRAVEL"."PRODUCT_TYPE" ADD CONSTRAINT "PRODUCT_SERVICE" FOREIGN KEY ("SERVICE_ID")
	  REFERENCES "TRAVEL"."SERVICE_TYPE" ("ID") ENABLE;
--------------------------------------------------------
--  Ref Constraints for Table RATES
--------------------------------------------------------

  ALTER TABLE "TRAVEL"."RATES" ADD CONSTRAINT "AIRLINE_FK_RATES" FOREIGN KEY ("AIRLINE_ID")
	  REFERENCES "TRAVEL"."AIRLINE" ("ID") ENABLE;
  ALTER TABLE "TRAVEL"."RATES" ADD CONSTRAINT "ROOM_TYPE_FK_RATES" FOREIGN KEY ("ROOM_TYPE_ID")
	  REFERENCES "TRAVEL"."ROOM_TYPE" ("ID") ENABLE;
  ALTER TABLE "TRAVEL"."RATES" ADD CONSTRAINT "SUPPLIER_PRODUCT_FK_RATES" FOREIGN KEY ("SUPPLIER_PRODUCT_ID")
	  REFERENCES "TRAVEL"."SUPPLIER_PRODUCT" ("ID") ENABLE;
--------------------------------------------------------
--  Ref Constraints for Table SUPPLIER_PRODUCT
--------------------------------------------------------

  ALTER TABLE "TRAVEL"."SUPPLIER_PRODUCT" ADD CONSTRAINT "SUPPLIER_PRODUCT_FK_PRODUCT" FOREIGN KEY ("PRODUCT_ID")
	  REFERENCES "TRAVEL"."PRODUCT_TYPE" ("ID") ENABLE;
  ALTER TABLE "TRAVEL"."SUPPLIER_PRODUCT" ADD CONSTRAINT "SUPPLIER_PRODUCT_FK_SUPPLIER" FOREIGN KEY ("SUPPLIER_ID")
	  REFERENCES "TRAVEL"."SUPPLIER" ("ID") ENABLE;
--------------------------------------------------------
--  Ref Constraints for Table SYSTEM_SCREENS
--------------------------------------------------------

  ALTER TABLE "TRAVEL"."SYSTEM_SCREENS" ADD CONSTRAINT "SYSTEM_SCREENS_FK1" FOREIGN KEY ("CATEGORY_ID")
	  REFERENCES "TRAVEL"."CATEGORY" ("CAT_ID") ENABLE;
--------------------------------------------------------
--  Ref Constraints for Table USERSCREENS
--------------------------------------------------------

  ALTER TABLE "TRAVEL"."USERSCREENS" ADD CONSTRAINT "USERSCREENS_FK1" FOREIGN KEY ("SCREEN_ID")
	  REFERENCES "TRAVEL"."SYSTEM_SCREENS" ("SCREEN_ID") ENABLE;
  ALTER TABLE "TRAVEL"."USERSCREENS" ADD CONSTRAINT "USERSCREENS_FK_USER" FOREIGN KEY ("EMPLOYEE_ID")
	  REFERENCES "TRAVEL"."TMS_USER" ("EMPLOYEE_ID") ENABLE;
